2015-07-17,1431,1469,1428,1447,146400,1447.0
2015-07-16,1436,1444,1430,1444,138300,1444.0
2015-07-15,1398,1444,1398,1436,177300,1436.0
2015-07-14,1420,1442,1394,1413,211400,1413.0
2015-07-13,1440,1443,1412,1419,116400,1419.0
2015-07-10,1462,1464,1403,1436,211400,1436.0
2015-07-09,1387,1470,1332,1465,413200,1465.0
2015-07-08,1418,1438,1388,1417,405300,1417.0
2015-07-07,1322,1430,1320,1421,734200,1421.0
2015-07-06,1300,1300,1264,1292,132600,1292.0
2015-07-03,1293,1327,1291,1311,189200,1311.0
2015-07-02,1270,1323,1270,1304,272400,1304.0
2015-07-01,1275,1280,1259,1270,118300,1270.0
2015-06-30,1260,1297,1257,1292,220300,1292.0
2015-06-29,1207,1270,1207,1270,242600,1270.0
2015-06-26,1267,1295,1260,1281,315700,1281.0
2015-06-25,1239,1265,1231,1258,242700,1258.0
2015-06-24,1210,1250,1206,1248,383700,1248.0
2015-06-23,1160,1210,1158,1208,660000,1208.0
2015-06-22,1114,1157,1110,1157,258300,1157.0
2015-06-19,1127,1138,1110,1125,153200,1125.0
2015-06-18,1141,1149,1126,1130,96700,1130.0
2015-06-17,1140,1148,1137,1140,75800,1140.0
2015-06-16,1136,1144,1135,1140,64600,1140.0
2015-06-15,1140,1147,1135,1135,60800,1135.0
2015-06-12,1142,1154,1139,1142,171000,1142.0
2015-06-11,1139,1150,1131,1132,120300,1132.0
2015-06-10,1132,1148,1130,1133,112000,1133.0
2015-06-09,1145,1149,1131,1136,180300,1136.0
2015-06-08,1156,1160,1146,1150,183200,1150.0
2015-06-05,1137,1150,1135,1146,288400,1146.0
2015-06-04,1112,1135,1112,1132,263000,1132.0
2015-06-03,1093,1110,1093,1110,254900,1110.0
2015-06-02,1086,1095,1082,1089,154900,1089.0
2015-06-01,1080,1097,1077,1091,230400,1091.0
2015-05-29,1076,1088,1071,1075,329800,1075.0
2015-05-28,1095,1095,1076,1079,155100,1079.0
2015-05-27,1100,1101,1073,1085,334900,1085.0
2015-05-26,1092,1105,1091,1098,234100,1098.0
2015-05-25,1078,1089,1075,1089,209800,1089.0
2015-05-22,1066,1077,1064,1073,167000,1073.0
2015-05-21,1067,1067,1060,1061,122500,1061.0
2015-05-20,1060,1069,1058,1065,281800,1065.0
2015-05-19,1056,1067,1050,1056,222200,1056.0
2015-05-18,1040,1053,1038,1053,153100,1053.0
2015-05-15,1048,1052,1037,1038,205300,1038.0
2015-05-14,1067,1067,1046,1046,164100,1046.0
2015-05-13,1040,1064,1037,1063,257800,1063.0
2015-05-12,1050,1050,1039,1042,167500,1042.0
2015-05-11,1052,1057,1045,1051,125400,1051.0
2015-05-08,1052,1053,1044,1046,161500,1046.0
2015-05-07,1057,1063,1050,1051,135400,1051.0
2015-05-01,1056,1061,1050,1059,138400,1059.0
2015-04-30,1070,1073,1055,1060,151000,1060.0
2015-04-28,1073,1074,1062,1072,168100,1072.0
2015-04-27,1080,1080,1066,1072,151500,1072.0
2015-04-24,1070,1077,1050,1074,434400,1074.0
2015-04-23,1061,1077,1047,1074,279800,1074.0
2015-04-22,1055,1063,1038,1057,362700,1057.0
2015-04-21,1065,1068,1051,1055,307800,1055.0
2015-04-20,1076,1076,1063,1064,274200,1064.0
2015-04-17,1082,1085,1075,1077,225200,1077.0
2015-04-16,1092,1092,1076,1082,200200,1082.0
2015-04-15,1090,1098,1081,1081,180000,1081.0
2015-04-14,1080,1091,1076,1090,217900,1090.0
2015-04-13,1098,1103,1075,1080,278600,1080.0
2015-04-10,1078,1096,1073,1093,225100,1093.0
2015-04-09,1097,1101,1070,1078,448000,1078.0
2015-04-08,1120,1122,1095,1099,458300,1099.0
2015-04-07,1145,1150,1120,1125,365000,1125.0
2015-04-06,1165,1184,1135,1144,511500,1144.0
2015-04-03,1233,1255,1225,1255,113900,1255.0
2015-04-02,1237,1250,1207,1215,176800,1215.0
2015-04-01,1242,1270,1235,1242,197600,1242.0
2015-03-31,1245,1256,1234,1239,114100,1239.0
2015-03-30,1215,1241,1215,1240,106600,1240.0
2015-03-27,1212,1239,1212,1221,99400,1221.0
2015-03-26,1227,1227,1211,1218,60400,1218.0
2015-03-25,1230,1239,1211,1220,88400,1220.0
2015-03-24,1209,1228,1201,1222,164100,1222.0
2015-03-23,1200,1208,1196,1205,70000,1205.0
2015-03-20,1192,1200,1188,1196,58000,1196.0
2015-03-19,1185,1188,1172,1184,55500,1184.0
2015-03-18,1177,1193,1168,1175,103400,1175.0
2015-03-17,1194,1194,1168,1186,99800,1186.0
2015-03-16,1196,1208,1191,1193,83500,1193.0
2015-03-13,1177,1190,1165,1188,88000,1188.0
2015-03-12,1159,1165,1154,1165,46600,1165.0
2015-03-11,1171,1173,1154,1158,85200,1158.0
2015-03-10,1218,1218,1172,1175,158500,1175.0
2015-03-09,1192,1220,1191,1210,141000,1210.0
2015-03-06,1184,1190,1180,1188,50100,1188.0
2015-03-05,1179,1190,1176,1180,74900,1180.0
2015-03-04,1150,1184,1146,1179,162400,1179.0
2015-03-03,1159,1180,1159,1162,68500,1162.0
2015-03-02,1154,1170,1147,1162,89400,1162.0
2015-02-27,1162,1190,1150,1152,138700,1152.0
2015-02-26,1164,1173,1161,1167,98200,1167.0
2015-02-25,1165,1165,1151,1164,67900,1164.0
2015-02-24,1165,1168,1160,1166,69900,1166.0
2015-02-23,1160,1164,1148,1163,77500,1163.0
2015-02-20,1161,1164,1148,1162,96600,1162.0
2015-02-19,1138,1163,1135,1162,139000,1162.0
2015-02-18,1122,1147,1120,1139,160000,1139.0
2015-02-17,1150,1158,1130,1137,136500,1137.0
2015-02-16,1135,1153,1134,1148,73100,1148.0
2015-02-13,1130,1137,1124,1125,117000,1125.0
2015-02-12,1140,1140,1129,1130,97500,1130.0
2015-02-10,1150,1153,1127,1130,94500,1130.0
2015-02-09,1134,1148,1131,1146,51300,1146.0
2015-02-06,1130,1138,1126,1134,43100,1134.0
2015-02-05,1134,1138,1125,1128,79300,1128.0
2015-02-04,1122,1140,1121,1137,143900,1137.0
2015-02-03,1144,1144,1094,1122,221900,1122.0
2015-02-02,1151,1165,1141,1144,127500,1144.0
2015-01-30,1158,1172,1145,1155,159500,1155.0
2015-01-29,1130,1158,1122,1155,186900,1155.0
2015-01-28,1110,1135,1110,1129,98500,1129.0
2015-01-27,1113,1115,1106,1108,74100,1108.0
2015-01-26,1100,1115,1098,1113,72000,1113.0
2015-01-23,1097,1099,1091,1097,54200,1097.0
2015-01-22,1095,1098,1086,1093,82100,1093.0
2015-01-21,1091,1094,1084,1085,63300,1085.0
2015-01-20,1076,1090,1071,1089,76200,1089.0
2015-01-19,1068,1073,1062,1072,65500,1072.0
2015-01-16,1078,1079,1060,1068,105600,1068.0
2015-01-15,1069,1081,1066,1078,91200,1078.0
2015-01-14,1076,1079,1066,1068,65200,1068.0
2015-01-13,1065,1081,1060,1078,113200,1078.0
2015-01-09,1080,1082,1060,1063,95300,1063.0
2015-01-08,1076,1084,1070,1076,83100,1076.0
2015-01-07,1063,1077,1062,1072,127200,1072.0
2015-01-06,1086,1088,1060,1061,317700,1061.0
2015-01-05,1113,1117,1086,1090,205200,1090.0
2014-12-30,1107,1113,1102,1111,87300,1111.0
2014-12-29,1120,1127,1110,1111,116000,1111.0
2014-12-26,1118,1125,1102,1114,130900,1114.0
2014-12-25,1137,1137,1114,1119,82100,1119.0
2014-12-24,1145,1146,1126,1133,106800,1133.0
2014-12-22,1111,1139,1105,1139,248000,1139.0
2014-12-19,1097,1104,1090,1103,108700,1103.0
2014-12-18,1092,1093,1085,1085,124000,1085.0
2014-12-17,1112,1115,1082,1082,315600,1082.0
2014-12-16,1137,1145,1113,1116,184800,1116.0
2014-12-15,1123,1163,1120,1161,197400,1161.0
2014-12-12,1141,1148,1112,1113,306500,1113.0
2014-12-11,1152,1164,1143,1146,139600,1146.0
2014-12-10,1150,1169,1147,1159,194800,1159.0
2014-12-09,1153,1158,1150,1151,143800,1151.0
2014-12-08,1160,1165,1153,1158,146100,1158.0
2014-12-05,1179,1179,1162,1165,183900,1165.0
2014-12-04,1185,1185,1173,1180,70900,1180.0
2014-12-03,1172,1182,1168,1181,99000,1181.0
2014-12-02,1186,1187,1165,1165,139300,1165.0
2014-12-01,1174,1187,1172,1186,92500,1186.0
2014-11-28,1169,1176,1162,1164,83600,1164.0
2014-11-27,1170,1170,1159,1162,108000,1162.0
2014-11-26,1171,1174,1163,1164,142200,1164.0
2014-11-25,1194,1199,1167,1168,161700,1168.0
2014-11-21,1190,1204,1186,1192,89200,1192.0
2014-11-20,1181,1193,1170,1190,97400,1190.0
2014-11-19,1180,1185,1165,1171,94800,1171.0
2014-11-18,1167,1179,1166,1174,59800,1174.0
2014-11-17,1191,1195,1162,1163,153600,1163.0
2014-11-14,1205,1209,1187,1192,103900,1192.0
2014-11-13,1200,1209,1192,1202,99100,1202.0
2014-11-12,1210,1216,1200,1200,78300,1200.0
2014-11-11,1180,1209,1178,1208,77800,1208.0
2014-11-10,1170,1180,1169,1177,51000,1177.0
2014-11-07,1175,1181,1168,1170,76800,1170.0
2014-11-06,1181,1194,1165,1170,124500,1170.0
2014-11-05,1210,1210,1164,1178,288800,1178.0
2014-11-04,1262,1263,1216,1218,221100,1218.0
2014-10-31,1219,1239,1216,1236,149300,1236.0
2014-10-30,1207,1225,1199,1205,169100,1205.0
2014-10-29,1172,1200,1165,1197,124400,1197.0
2014-10-28,1143,1169,1142,1164,144500,1164.0
2014-10-27,1181,1181,1141,1143,153500,1143.0
2014-10-24,1157,1172,1151,1165,249500,1165.0
2014-10-23,1152,1162,1145,1150,245700,1150.0
2014-10-22,1197,1198,1136,1149,456900,1149.0
2014-10-21,1209,1214,1190,1191,119100,1191.0
2014-10-20,1213,1216,1196,1199,101200,1199.0
2014-10-17,1234,1235,1192,1192,215600,1192.0
2014-10-16,1210,1234,1207,1227,156800,1227.0
2014-10-15,1223,1229,1210,1214,120200,1214.0
2014-10-14,1220,1249,1217,1224,179300,1224.0
2014-10-10,1222,1239,1214,1219,136400,1219.0
2014-10-09,1249,1260,1227,1250,270300,1250.0
2014-10-08,1221,1263,1218,1256,213900,1256.0
2014-10-07,1233,1243,1221,1222,173100,1222.0
2014-10-06,1228,1239,1221,1223,84700,1223.0
2014-10-03,1227,1233,1213,1229,95300,1229.0
2014-10-02,1239,1239,1212,1213,189200,1213.0
2014-10-01,1234,1264,1230,1259,237500,1259.0
2014-09-30,1245,1254,1229,1229,180500,1229.0
2014-09-29,1235,1255,1229,1241,175300,1241.0
2014-09-26,1235,1243,1230,1235,138800,1235.0
2014-09-25,1255,1255,1230,1242,259300,1242.0
2014-09-24,1257,1263,1233,1248,552200,1248.0
2014-09-22,1286,1308,1283,1299,137500,1299.0
2014-09-19,1278,1281,1264,1279,84400,1279.0
2014-09-18,1271,1279,1267,1273,69200,1273.0
2014-09-17,1269,1275,1263,1264,57900,1264.0
2014-09-16,1275,1280,1258,1265,81000,1265.0
2014-09-12,1277,1277,1268,1275,71900,1275.0
2014-09-11,1285,1285,1270,1272,73000,1272.0
2014-09-10,1259,1267,1252,1267,75200,1267.0
2014-09-09,1262,1262,1252,1258,45200,1258.0
2014-09-08,1261,1262,1250,1256,86400,1256.0
2014-09-05,1254,1267,1245,1254,68100,1254.0
2014-09-04,1256,1258,1241,1243,162500,1243.0
2014-09-03,1263,1269,1251,1258,176100,1258.0
2014-09-02,1286,1287,1255,1255,252900,1255.0
2014-09-01,1303,1305,1288,1289,78100,1289.0
2014-08-29,1289,1301,1286,1300,33900,1300.0
2014-08-28,1300,1305,1288,1295,54800,1295.0
2014-08-27,1300,1310,1299,1303,73200,1303.0
2014-08-26,1310,1313,1293,1300,138900,1300.0
2014-08-25,1309,1324,1307,1318,140100,1318.0
2014-08-22,1332,1336,1300,1302,148700,1302.0
2014-08-21,1340,1341,1325,1328,101300,1328.0
2014-08-20,1350,1357,1341,1343,60000,1343.0
2014-08-19,1350,1360,1350,1357,42900,1357.0
2014-08-18,1342,1357,1330,1346,334900,1346.0
2014-08-15,1364,1385,1364,1373,119000,1373.0
2014-08-14,1389,1398,1374,1378,63400,1378.0
2014-08-13,1390,1395,1380,1389,36700,1389.0
2014-08-12,1385,1398,1381,1388,36500,1388.0
2014-08-11,1385,1385,1370,1381,40800,1381.0
2014-08-08,1342,1368,1342,1348,80600,1348.0
2014-08-07,1342,1372,1342,1366,79700,1366.0
2014-08-06,1356,1359,1324,1330,136400,1330.0
2014-08-05,1360,1376,1353,1356,96700,1356.0
2014-08-04,1399,1399,1367,1369,114100,1369.0
2014-08-01,1382,1400,1381,1393,61700,1393.0
2014-07-31,1408,1408,1385,1388,64400,1388.0
2014-07-30,1414,1416,1392,1395,61600,1395.0
2014-07-29,1397,1414,1394,1413,59000,1413.0
2014-07-28,1391,1404,1380,1394,102600,1394.0
2014-07-25,1402,1402,1388,1398,37400,1398.0
2014-07-24,1408,1410,1386,1392,103500,1392.0
2014-07-23,1424,1430,1412,1421,63300,1421.0
2014-07-22,1388,1424,1388,1417,91900,1417.0
2014-07-18,1390,1390,1368,1382,79500,1382.0
2014-07-17,1406,1415,1387,1391,77600,1391.0
2014-07-16,1435,1442,1406,1409,86900,1409.0
2014-07-15,1420,1440,1406,1434,96200,1434.0
2014-07-14,1393,1422,1385,1408,135100,1408.0
2014-07-11,1380,1386,1358,1385,137100,1385.0
2014-07-10,1395,1395,1386,1390,88800,1390.0
2014-07-09,1395,1395,1382,1389,148400,1389.0
2014-07-08,1410,1413,1390,1395,253600,1395.0
2014-07-07,1440,1455,1427,1439,117200,1439.0
2014-07-04,1441,1452,1439,1446,75800,1446.0
2014-07-03,1457,1458,1426,1438,125400,1438.0
2014-07-02,1460,1467,1438,1458,144200,1458.0
2014-07-01,1450,1453,1435,1444,112500,1444.0
2014-06-30,1430,1460,1428,1459,129800,1459.0
2014-06-27,1435,1442,1421,1434,103600,1434.0
2014-06-26,1440,1445,1429,1433,119800,1433.0
2014-06-25,1454,1460,1432,1436,129100,1436.0
2014-06-24,1441,1457,1428,1450,186000,1450.0
2014-06-23,1457,1462,1430,1444,198300,1444.0
2014-06-20,1470,1482,1444,1457,241800,1457.0
2014-06-19,1477,1493,1462,1478,222800,1478.0
2014-06-18,1422,1477,1418,1476,378900,1476.0
2014-06-17,1435,1457,1382,1406,534600,1406.0
2014-06-16,1392,1400,1376,1379,91700,1379.0
2014-06-13,1385,1400,1374,1400,168700,1400.0
2014-06-12,1352,1391,1338,1384,138600,1384.0
2014-06-11,1360,1360,1341,1352,74600,1352.0
2014-06-10,1365,1374,1351,1355,100900,1355.0
2014-06-09,1367,1383,1364,1365,61300,1365.0
2014-06-06,1356,1377,1353,1372,73200,1372.0
2014-06-05,1360,1381,1351,1367,99800,1367.0
2014-06-04,1381,1381,1356,1360,96700,1360.0
2014-06-03,1392,1413,1382,1394,182300,1394.0
2014-06-02,1361,1405,1361,1401,162200,1401.0
2014-05-30,1347,1361,1338,1357,98600,1357.0
2014-05-29,1335,1353,1329,1347,88200,1347.0
2014-05-28,1321,1335,1318,1325,58200,1325.0
2014-05-27,1322,1333,1318,1321,55100,1321.0
2014-05-26,1308,1317,1298,1317,74900,1317.0
2014-05-23,1270,1286,1263,1282,74300,1282.0
2014-05-22,1268,1278,1244,1270,186200,1270.0
2014-05-21,1267,1270,1241,1251,113900,1251.0
2014-05-20,1271,1283,1251,1265,129100,1265.0
2014-05-19,1311,1311,1241,1241,202800,1241.0
2014-05-16,1285,1289,1276,1286,79900,1286.0
2014-05-15,1272,1291,1265,1282,69000,1282.0
2014-05-14,1274,1285,1271,1280,117100,1280.0
2014-05-13,1284,1288,1260,1260,182000,1260.0
2014-05-12,1276,1284,1254,1258,149300,1258.0
2014-05-09,1295,1303,1270,1271,182100,1271.0
2014-05-08,1296,1306,1279,1295,134000,1295.0
2014-05-07,1305,1312,1271,1275,268100,1275.0
2014-05-02,1328,1354,1314,1318,199400,1318.0
2014-05-01,1350,1376,1325,1331,158900,1331.0
2014-04-30,1381,1392,1342,1358,222500,1358.0
2014-04-28,1376,1394,1356,1371,143700,1371.0
2014-04-25,1370,1393,1354,1389,217100,1389.0
2014-04-24,1344,1380,1340,1376,242000,1376.0
2014-04-23,1284,1336,1280,1331,308700,1331.0
2014-04-22,1284,1288,1256,1258,117800,1258.0
2014-04-21,1276,1283,1262,1271,96200,1271.0
2014-04-18,1280,1281,1252,1273,150700,1273.0
2014-04-17,1325,1325,1280,1282,102500,1282.0
2014-04-16,1280,1301,1262,1270,197400,1270.0
2014-04-15,1285,1285,1261,1262,88600,1262.0
2014-04-14,1287,1295,1266,1270,137400,1270.0
2014-04-11,1269,1289,1262,1272,275500,1272.0
2014-04-10,1327,1334,1261,1279,233000,1279.0
2014-04-09,1326,1341,1297,1300,168800,1300.0
2014-04-08,1371,1377,1322,1327,180500,1327.0
2014-04-07,1454,1459,1371,1382,201500,1382.0
2014-04-04,1423,1465,1411,1454,226700,1454.0
2014-04-03,1403,1442,1381,1423,193700,1423.0
2014-04-02,1396,1445,1378,1431,277000,1431.0
2014-04-01,1370,1416,1363,1395,227600,1395.0
2014-03-31,1380,1402,1338,1397,254100,1397.0
2014-03-28,1331,1388,1304,1379,313200,1379.0
2014-03-27,1363,1373,1320,1347,281800,1347.0
2014-03-26,1391,1392,1356,1379,196400,1379.0
2014-03-25,1419,1439,1401,1406,144800,1406.0
2014-03-24,1405,1442,1405,1416,148300,1416.0
2014-03-20,1432,1432,1400,1405,66000,1405.0
2014-03-19,1420,1455,1419,1432,107100,1432.0
2014-03-18,1406,1435,1394,1419,101200,1419.0
2014-03-17,1380,1407,1372,1380,60200,1380.0
2014-03-14,1445,1445,1405,1408,100300,1408.0
2014-03-13,1431,1459,1431,1455,51900,1455.0
2014-03-12,1432,1452,1426,1449,54800,1449.0
2014-03-11,1460,1465,1433,1462,60400,1462.0
2014-03-10,1459,1459,1428,1458,74600,1458.0
2014-03-07,1459,1465,1433,1448,115000,1448.0
2014-03-06,1435,1458,1425,1454,156100,1454.0
2014-03-05,1428,1442,1415,1430,113300,1430.0
2014-03-04,1411,1429,1381,1428,206100,1428.0
2014-03-03,1339,1418,1339,1414,294500,1414.0
2014-02-28,1376,1379,1329,1339,158600,1339.0
2014-02-27,1370,1380,1347,1366,66400,1366.0
2014-02-26,1401,1405,1360,1370,94600,1370.0
2014-02-25,1393,1409,1382,1397,116300,1397.0
2014-02-24,1367,1380,1349,1380,119300,1380.0
2014-02-21,1353,1370,1333,1358,136100,1358.0
2014-02-20,1351,1365,1320,1337,83300,1337.0
2014-02-19,1338,1360,1332,1346,141500,1346.0
2014-02-18,1312,1348,1305,1336,170200,1336.0
2014-02-17,1315,1343,1304,1339,159500,1339.0
2014-02-14,1326,1331,1302,1308,95700,1308.0
2014-02-13,1339,1355,1317,1321,144800,1321.0
2014-02-12,1358,1376,1324,1332,229200,1332.0
2014-02-10,1361,1372,1342,1366,154200,1366.0
2014-02-07,1360,1382,1328,1355,202100,1355.0
2014-02-06,1300,1383,1300,1359,230300,1359.0
2014-02-05,1341,1357,1288,1305,196000,1305.0
2014-02-04,1325,1360,1325,1342,290300,1342.0
2014-02-03,1389,1430,1317,1420,290800,1420.0
2014-01-31,1385,1398,1370,1393,97100,1393.0
2014-01-30,1403,1405,1375,1383,125200,1383.0
2014-01-29,1418,1440,1397,1438,153600,1438.0
2014-01-28,1390,1434,1364,1418,199300,1418.0
2014-01-27,1400,1423,1385,1387,188000,1387.0
2014-01-24,1430,1439,1417,1422,163200,1422.0
2014-01-23,1466,1472,1435,1435,150100,1435.0
2014-01-22,1494,1494,1451,1464,167700,1464.0
2014-01-21,1494,1500,1478,1495,59900,1495.0
2014-01-20,1486,1489,1473,1486,40500,1486.0
2014-01-17,1491,1491,1473,1481,68800,1481.0
2014-01-16,1497,1501,1486,1493,55800,1493.0
2014-01-15,1493,1499,1475,1495,81900,1495.0
2014-01-14,1491,1502,1483,1487,64200,1487.0
2014-01-10,1521,1525,1492,1516,108700,1516.0
2014-01-09,1513,1521,1495,1520,129400,1520.0
2014-01-08,1483,1513,1474,1511,127700,1511.0
2014-01-07,1470,1514,1464,1483,207500,1483.0
2014-01-06,1477,1479,1443,1464,136100,1464.0
2013-12-30,1480,1487,1452,1468,114800,1468.0
2013-12-27,1448,1468,1443,1468,118100,1468.0
2013-12-26,1440,1450,1427,1439,108700,1439.0
2013-12-25,1420,1437,1420,1433,84700,1433.0
2013-12-24,1470,1471,1420,1426,258500,1426.0
2013-12-20,1510,1516,1481,1484,105800,1484.0
2013-12-19,1505,1520,1491,1509,108700,1509.0
2013-12-18,1505,1529,1494,1498,131000,1498.0
2013-12-17,1508,1510,1474,1495,309400,1495.0
2013-12-16,1512,1518,1499,1506,77100,1506.0
2013-12-13,1515,1515,1496,1498,150600,1498.0
2013-12-12,1520,1521,1497,1516,88600,1516.0
2013-12-11,1526,1527,1510,1521,94700,1521.0
2013-12-10,1530,1530,1512,1522,144700,1522.0
2013-12-09,1500,1522,1483,1518,168100,1518.0
2013-12-06,1540,1540,1451,1479,445400,1479.0
2013-12-05,1613,1614,1541,1549,281400,1549.0
2013-12-04,1660,1660,1620,1634,242500,1634.0
2013-12-03,1664,1677,1656,1666,135100,1666.0
2013-12-02,1653,1661,1645,1658,49600,1658.0
2013-11-29,1658,1658,1642,1653,67700,1653.0
2013-11-28,1639,1659,1639,1653,57100,1653.0
2013-11-27,1656,1660,1642,1654,68900,1654.0
2013-11-26,1645,1654,1629,1652,72100,1652.0
2013-11-25,1645,1653,1634,1641,63200,1641.0
2013-11-22,1649,1649,1617,1629,111200,1629.0
2013-11-21,1664,1664,1628,1641,87400,1641.0
2013-11-20,1647,1663,1626,1650,135700,1650.0
2013-11-19,1602,1649,1594,1647,174300,1647.0
2013-11-18,1588,1597,1575,1590,87300,1590.0
2013-11-15,1582,1587,1566,1585,123200,1585.0
2013-11-14,1584,1590,1572,1583,110900,1583.0
2013-11-13,1606,1613,1563,1571,141100,1571.0
2013-11-12,1590,1611,1586,1606,90300,1606.0
2013-11-11,1599,1608,1581,1590,79900,1590.0
2013-11-08,1601,1621,1580,1596,115500,1596.0
2013-11-07,1607,1639,1601,1619,115600,1619.0
2013-11-06,1630,1658,1605,1611,90000,1611.0
2013-11-05,1627,1635,1597,1611,89500,1611.0
2013-11-01,1678,1678,1620,1624,78300,1624.0
2013-10-31,1722,1722,1661,1666,102200,1666.0
2013-10-30,1680,1733,1680,1724,115600,1724.0
2013-10-29,1675,1705,1663,1689,127200,1689.0
2013-10-28,1673,1699,1655,1691,107200,1691.0
2013-10-25,1695,1708,1660,1673,118100,1673.0
2013-10-24,1679,1700,1642,1695,138100,1695.0
2013-10-23,1725,1740,1696,1705,70000,1705.0
2013-10-22,1724,1730,1712,1726,37700,1726.0
2013-10-21,1713,1729,1701,1723,55400,1723.0
2013-10-18,1699,1725,1698,1714,73200,1714.0
2013-10-17,1697,1705,1670,1704,73800,1704.0
2013-10-16,1671,1690,1670,1682,64700,1682.0
2013-10-15,1665,1670,1645,1669,26500,1669.0
2013-10-11,1678,1678,1646,1663,81800,1663.0
2013-10-10,1661,1680,1623,1646,109500,1646.0
2013-10-09,1624,1687,1610,1668,68500,1668.0
2013-10-08,1628,1648,1588,1619,98900,1619.0
2013-10-07,1728,1728,1646,1652,111000,1652.0
2013-10-04,1683,1750,1663,1728,107900,1728.0
2013-10-03,1670,1735,1651,1688,109300,1688.0
2013-10-02,1707,1710,1666,1677,76900,1677.0
2013-10-01,1677,1729,1663,1710,109400,1710.0
2013-09-30,1633,1679,1610,1662,53700,1662.0
2013-09-27,1642,1648,1620,1635,31100,1635.0
2013-09-26,1629,1643,1606,1634,63900,1634.0
2013-09-25,1627,1632,1579,1584,146500,1584.0
2013-09-24,1666,1670,1622,1636,143600,1636.0
2013-09-20,1661,1706,1633,1677,103900,1677.0
2013-09-19,1625,1660,1625,1655,120300,1655.0
2013-09-18,1655,1665,1616,1624,172100,1624.0
2013-09-17,1715,1719,1661,1695,77100,1695.0
2013-09-13,1664,1705,1663,1695,70100,1695.0
2013-09-12,1665,1687,1626,1648,66900,1648.0
2013-09-11,1708,1738,1683,1688,59000,1688.0
2013-09-10,1660,1721,1655,1705,90000,1705.0
2013-09-09,1656,1656,1618,1626,45100,1626.0
2013-09-06,1655,1664,1591,1601,57600,1601.0
2013-09-05,1646,1678,1620,1662,83300,1662.0
2013-09-04,1580,1666,1565,1656,138300,1656.0
2013-09-03,1556,1572,1535,1557,29600,1557.0
2013-09-02,1537,1563,1526,1538,78300,1538.0
2013-08-30,1630,1630,1538,1543,97800,1543.0
2013-08-29,1549,1549,1516,1524,115400,1524.0
2013-08-28,1521,1561,1521,1559,67200,1559.0
2013-08-27,1558,1560,1515,1519,61600,1519.0
2013-08-26,1595,1595,1550,1557,78600,1557.0
2013-08-23,1598,1609,1581,1589,81500,1589.0
2013-08-22,1581,1625,1557,1595,88800,1595.0
2013-08-21,1628,1628,1565,1588,101800,1588.0
2013-08-20,1661,1663,1631,1633,69200,1633.0
2013-08-19,1658,1682,1638,1670,38500,1670.0
2013-08-16,1686,1686,1634,1654,128400,1654.0
2013-08-15,1704,1711,1675,1686,59200,1686.0
2013-08-14,1700,1719,1674,1703,87900,1703.0
2013-08-13,1636,1697,1636,1689,88800,1689.0
2013-08-12,1687,1690,1623,1630,75300,1630.0
2013-08-09,1643,1700,1643,1690,126300,1690.0
2013-08-08,1680,1709,1651,1658,75000,1658.0
2013-08-07,1741,1742,1688,1692,106200,1692.0
2013-08-06,1734,1750,1705,1742,115800,1742.0
2013-08-05,1670,1784,1669,1752,262700,1752.0
2013-08-02,1590,1655,1572,1655,77800,1655.0
2013-08-01,1553,1583,1551,1580,47100,1580.0
2013-07-31,1595,1598,1556,1568,58600,1568.0
2013-07-30,1563,1599,1563,1592,66300,1592.0
2013-07-29,1588,1601,1551,1562,141700,1562.0
2013-07-26,1578,1629,1575,1606,116600,1606.0
2013-07-25,1615,1634,1594,1595,77300,1595.0
2013-07-24,1625,1625,1595,1599,102100,1599.0
2013-07-23,1663,1663,1606,1631,162800,1631.0
2013-07-22,1637,1667,1622,1662,157600,1662.0
2013-07-19,1634,1670,1581,1611,166800,1611.0
2013-07-18,1605,1645,1595,1637,138800,1637.0
2013-07-17,1549,1627,1545,1604,246200,1604.0
2013-07-16,1555,1557,1526,1528,76300,1528.0
2013-07-12,1542,1555,1517,1536,90900,1536.0
2013-07-11,1499,1578,1474,1556,236400,1556.0
2013-07-10,1525,1582,1491,1500,311800,1500.0
2013-07-09,1503,1530,1501,1525,99800,1525.0
2013-07-08,1501,1505,1478,1489,172100,1489.0
2013-07-05,1496,1500,1452,1493,149800,1493.0
2013-07-04,1476,1500,1449,1496,164500,1496.0
2013-07-03,1531,1531,1453,1497,319000,1497.0
2013-07-02,1464,1552,1458,1531,194500,1531.0
2013-07-01,1457,1482,1415,1462,185000,1462.0
2013-06-28,1458,1489,1441,1458,184800,1458.0
2013-06-27,1409,1467,1406,1450,125000,1450.0
2013-06-26,1432,1449,1396,1415,115600,1415.0
2013-06-25,1420,1454,1405,1427,119100,1427.0
2013-06-24,1449,1474,1430,1450,120600,1450.0
2013-06-21,1392,1453,1382,1449,201300,1449.0
2013-06-20,1428,1438,1394,1402,152200,1402.0
2013-06-19,1430,1430,1397,1427,130000,1427.0
2013-06-18,1455,1455,1388,1400,303100,1400.0
2013-06-17,1350,1471,1350,1454,179700,1454.0
2013-06-14,1360,1391,1343,1344,236100,1344.0
2013-06-13,1433,1443,1384,1400,105900,1400.0
2013-06-12,1398,1457,1388,1455,110900,1455.0
2013-06-11,1440,1443,1403,1409,119200,1409.0
2013-06-10,1407,1470,1407,1443,124000,1443.0
2013-06-07,1396,1430,1376,1399,136800,1399.0
2013-06-06,1499,1499,1411,1425,142400,1425.0
2013-06-05,1520,1600,1516,1523,128100,1523.0
2013-06-04,1563,1587,1512,1553,122700,1553.0
2013-06-03,1613,1690,1594,1603,150300,1603.0
2013-05-31,1607,1671,1607,1648,89200,1648.0
2013-05-30,1647,1660,1600,1604,66300,1604.0
2013-05-29,1685,1700,1659,1671,137400,1671.0
2013-05-28,1603,1693,1602,1685,84600,1685.0
2013-05-27,1690,1690,1621,1635,87700,1635.0
2013-05-24,1633,1713,1611,1696,205000,1696.0
2013-05-23,1797,1799,1645,1646,192100,1646.0
2013-05-22,1770,1794,1742,1792,149200,1792.0
2013-05-21,1750,1777,1727,1771,156400,1771.0
2013-05-20,1760,1760,1736,1755,92000,1755.0
2013-05-17,1709,1767,1709,1762,201300,1762.0
2013-05-16,1739,1740,1653,1740,161200,1740.0
2013-05-15,1724,1752,1718,1739,128800,1739.0
2013-05-14,1731,1739,1695,1724,121800,1724.0
2013-05-13,1710,1759,1681,1749,119300,1749.0
2013-05-10,1750,1789,1636,1748,184500,1748.0
2013-05-09,1792,1792,1735,1746,144200,1746.0
2013-05-08,1777,1800,1743,1791,177400,1791.0
2013-05-07,1730,1772,1722,1768,125900,1768.0
2013-05-02,1732,1733,1630,1728,268400,1728.0
2013-05-01,1670,1745,1637,1738,274800,1738.0
2013-04-30,1588,1642,1588,1637,139500,1637.0
2013-04-26,1585,1613,1575,1597,174600,1597.0
2013-04-25,1550,1593,1531,1579,172900,1579.0
2013-04-24,1536,1555,1527,1555,96100,1555.0
2013-04-23,1520,1546,1517,1536,82200,1536.0
2013-04-22,1525,1549,1501,1525,132500,1525.0
2013-04-19,1529,1542,1496,1524,105600,1524.0
2013-04-18,1515,1549,1500,1529,208600,1529.0
2013-04-17,1468,1558,1468,1535,373200,1535.0
2013-04-16,1470,1480,1423,1438,204200,1438.0
2013-04-15,1432,1480,1420,1459,146200,1459.0
2013-04-12,1416,1452,1405,1433,175800,1433.0
2013-04-11,1401,1450,1401,1421,260800,1421.0
2013-04-10,1421,1434,1384,1388,307600,1388.0
2013-04-09,1498,1511,1407,1420,329700,1420.0
2013-04-08,1452,1459,1351,1454,596100,1454.0
2013-04-05,1474,1521,1466,1510,203300,1510.0
2013-04-04,1498,1530,1400,1496,181400,1496.0
2013-04-03,1440,1548,1431,1538,470200,1538.0
2013-04-02,1328,1502,1321,1440,706800,1440.0
2013-04-01,1307,1333,1276,1287,248800,1287.0
2013-03-29,1290,1300,1273,1295,144300,1295.0
2013-03-28,1252,1300,1252,1299,237800,1299.0
2013-03-27,1230,1250,1230,1248,91600,1248.0
2013-03-26,1237,1250,1226,1231,161500,1231.0
2013-03-25,1239,1251,1233,1245,107300,1245.0
2013-03-22,1227,1244,1225,1225,133900,1225.0
2013-03-21,1235,1238,1224,1226,99800,1226.0
2013-03-19,1237,1253,1220,1221,128900,1221.0
2013-03-18,1231,1243,1229,1229,78800,1229.0
2013-03-15,1240,1240,1226,1232,121700,1232.0
2013-03-14,1276,1277,1221,1233,237200,1233.0
2013-03-13,1264,1280,1259,1266,118800,1266.0
2013-03-12,1246,1292,1244,1291,258600,1291.0
2013-03-11,1237,1244,1231,1238,88700,1238.0
2013-03-08,1216,1264,1203,1218,262500,1218.0
2013-03-07,1226,1237,1213,1220,142800,1220.0
2013-03-06,1243,1243,1208,1215,231600,1215.0
2013-03-05,1280,1290,1240,1242,121900,1242.0
2013-03-04,1287,1304,1278,1278,147200,1278.0
2013-03-01,1271,1289,1259,1288,70900,1288.0
2013-02-28,1268,1278,1263,1275,69600,1275.0
2013-02-27,1249,1269,1249,1263,52100,1263.0
2013-02-26,1255,1261,1244,1258,43900,1258.0
2013-02-25,1283,1289,1258,1262,66800,1262.0
2013-02-22,1260,1276,1249,1276,100700,1276.0
2013-02-21,1242,1264,1236,1260,93400,1260.0
2013-02-20,1230,1243,1227,1243,42400,1243.0
2013-02-19,1213,1235,1213,1235,58600,1235.0
2013-02-18,1196,1218,1191,1213,63800,1213.0
2013-02-15,1220,1225,1207,1219,87000,1219.0
2013-02-14,1213,1226,1212,1224,52500,1224.0
2013-02-13,1240,1241,1211,1213,87000,1213.0
2013-02-12,1243,1254,1240,1243,75600,1243.0
2013-02-08,1265,1269,1237,1242,112500,1242.0
2013-02-07,1256,1267,1246,1262,122300,1262.0
2013-02-06,1256,1264,1251,1252,98900,1252.0
2013-02-05,1255,1269,1243,1248,143000,1248.0
2013-02-04,1233,1254,1233,1246,108000,1246.0
2013-02-01,1226,1240,1224,1229,67800,1229.0
2013-01-31,1220,1226,1210,1222,92200,1222.0
2013-01-30,1245,1247,1210,1219,97700,1219.0
2013-01-29,1198,1237,1193,1234,203400,1234.0
2013-01-28,1208,1208,1187,1187,82700,1187.0
2013-01-25,1208,1214,1187,1198,175800,1198.0
2013-01-24,1198,1211,1187,1207,129400,1207.0
2013-01-23,1203,1223,1194,1197,134900,1197.0
2013-01-22,1250,1251,1222,1225,146600,1225.0
2013-01-21,1255,1264,1243,1249,159700,1249.0
2013-01-18,1269,1269,1241,1254,148500,1254.0
2013-01-17,1270,1290,1258,1268,86200,1268.0
2013-01-16,1279,1293,1262,1270,137600,1270.0
2013-01-15,1303,1303,1261,1278,239900,1278.0
2013-01-11,1276,1310,1276,1303,146100,1303.0
2013-01-10,1260,1285,1255,1280,78900,1280.0
2013-01-09,1250,1284,1239,1263,164400,1263.0
2013-01-08,1269,1269,1241,1253,124400,1253.0
2013-01-07,1245,1329,1241,1287,263900,1287.0
2013-01-04,1249,1258,1220,1229,156000,1229.0
2012-12-28,1239,1240,1223,1235,48800,1235.0
2012-12-27,1207,1242,1207,1236,92300,1236.0
2012-12-26,1209,1217,1184,1211,114200,1211.0
2012-12-25,1211,1216,1180,1199,159300,1199.0
2012-12-21,1220,1220,1200,1204,87800,1204.0
2012-12-20,1197,1218,1192,1211,78900,1211.0
2012-12-19,1222,1222,1167,1190,210600,1190.0
2012-12-18,1220,1225,1183,1203,166200,1203.0
2012-12-17,1247,1295,1215,1226,278000,1226.0
2012-12-14,1214,1237,1211,1218,118400,1218.0
2012-12-13,1280,1280,1226,1230,178700,1230.0
2012-12-12,1299,1305,1258,1280,99400,1280.0
2012-12-11,1240,1339,1240,1313,430200,1313.0
2012-12-10,1198,1206,1185,1206,86800,1206.0
2012-12-07,1170,1191,1168,1191,128000,1191.0
2012-12-06,1160,1179,1159,1172,99200,1172.0
2012-12-05,1152,1155,1139,1152,182100,1152.0
2012-12-04,1110,1145,1110,1138,183800,1138.0
2012-12-03,1130,1135,1104,1110,160300,1110.0
2012-11-30,1152,1167,1130,1130,105500,1130.0
2012-11-29,1171,1171,1153,1155,84800,1155.0
2012-11-28,1165,1173,1156,1160,59700,1160.0
2012-11-27,1148,1159,1139,1155,165900,1155.0
2012-11-26,1178,1179,1142,1146,205700,1146.0
2012-11-22,1201,1205,1171,1181,104200,1181.0
2012-11-21,1212,1217,1196,1200,116700,1200.0
2012-11-20,1185,1203,1185,1199,114500,1199.0
2012-11-19,1185,1189,1170,1180,103400,1180.0
2012-11-16,1171,1184,1170,1180,63500,1180.0
2012-11-15,1168,1180,1162,1170,58600,1170.0
2012-11-14,1170,1182,1166,1168,46300,1168.0
2012-11-13,1182,1184,1166,1172,64700,1172.0
2012-11-12,1187,1193,1176,1181,55800,1181.0
2012-11-09,1184,1198,1184,1187,50500,1187.0
2012-11-08,1187,1204,1183,1198,45500,1198.0
2012-11-07,1207,1207,1182,1187,96500,1187.0
2012-11-06,1203,1203,1195,1202,65300,1202.0
2012-11-05,1200,1209,1193,1199,45600,1199.0
2012-11-02,1200,1207,1196,1202,71000,1202.0
2012-11-01,1200,1201,1187,1192,39800,1192.0
2012-10-31,1200,1213,1198,1202,86700,1202.0
2012-10-30,1201,1206,1194,1194,41200,1194.0
2012-10-29,1229,1229,1198,1205,63100,1205.0
2012-10-26,1223,1232,1203,1212,82800,1212.0
2012-10-25,1251,1251,1211,1226,73000,1226.0
2012-10-24,1236,1248,1231,1238,96900,1238.0
2012-10-23,1231,1239,1230,1233,37200,1233.0
2012-10-22,1250,1266,1236,1240,93500,1240.0
2012-10-19,1277,1278,1247,1253,107300,1253.0
2012-10-18,1278,1288,1271,1276,105300,1276.0
2012-10-17,1280,1292,1276,1279,97900,1279.0
2012-10-16,1285,1297,1269,1278,187200,1278.0
2012-10-15,1273,1291,1243,1255,106700,1255.0
2012-10-12,1272,1297,1262,1274,94000,1274.0
2012-10-11,1254,1299,1253,1281,157000,1281.0
2012-10-10,1256,1300,1235,1256,226200,1256.0
2012-10-09,1300,1300,1251,1264,339800,1264.0
2012-10-05,1347,1348,1279,1300,257200,1300.0
2012-10-04,1316,1355,1313,1347,139900,1347.0
2012-10-03,1285,1331,1277,1318,140400,1318.0
2012-10-02,1320,1320,1272,1290,99800,1290.0
2012-10-01,1337,1340,1302,1326,74900,1326.0
2012-09-28,1310,1338,1286,1331,184400,1331.0
2012-09-27,1302,1319,1294,1311,127600,1311.0
2012-09-26,1288,1305,1267,1297,155500,1297.0
2012-09-25,1280,1281,1247,1258,96000,1258.0
2012-09-24,1297,1303,1277,1302,152800,1302.0
2012-09-21,1252,1289,1252,1269,152200,1269.0
2012-09-20,1252,1260,1220,1251,161300,1251.0
2012-09-19,1197,1281,1193,1252,267900,1252.0
2012-09-18,1182,1195,1157,1175,149200,1175.0
2012-09-14,1140,1223,1140,1209,408400,1209.0
2012-09-13,1090,1115,1081,1110,90700,1110.0
2012-09-12,1096,1104,1091,1094,80000,1094.0
2012-09-11,1105,1113,1090,1096,106000,1096.0
2012-09-10,1112,1120,1103,1112,62000,1112.0
2012-09-07,1143,1156,1127,1130,81300,1130.0
2012-09-06,1111,1132,1111,1124,57000,1124.0
2012-09-05,1169,1169,1124,1124,141200,1124.0
2012-09-04,1210,1210,1169,1172,99200,1172.0
2012-09-03,1196,1225,1193,1212,122500,1212.0
2012-08-31,1211,1217,1199,1200,49300,1200.0
2012-08-30,1203,1218,1202,1209,44500,1209.0
2012-08-29,1184,1218,1184,1215,85600,1215.0
2012-08-28,1200,1202,1174,1181,121700,1181.0
2012-08-27,1210,1213,1197,1202,82600,1202.0
2012-08-24,1195,1198,1184,1192,91200,1192.0
2012-08-23,1214,1216,1206,1211,63600,1211.0
2012-08-22,1205,1213,1193,1204,147200,1204.0
2012-08-21,1214,1218,1200,1202,70400,1202.0
2012-08-20,1211,1226,1206,1213,58400,1213.0
2012-08-17,1204,1210,1193,1204,167100,1204.0
2012-08-16,1198,1206,1170,1196,189300,1196.0
2012-08-15,1260,1260,1163,1198,402000,1198.0
2012-08-14,1242,1264,1232,1263,68600,1263.0
2012-08-13,1244,1258,1232,1242,83300,1242.0
2012-08-10,1220,1245,1208,1241,109700,1241.0
2012-08-09,1170,1223,1169,1210,243800,1210.0
2012-08-08,1183,1188,1160,1173,275000,1173.0
2012-08-07,1193,1206,1161,1182,295800,1182.0
2012-08-06,1247,1258,1185,1191,230700,1191.0
2012-08-03,1246,1253,1234,1246,98900,1246.0
2012-08-02,1250,1267,1240,1247,147500,1247.0
2012-08-01,1274,1274,1240,1241,143900,1241.0
2012-07-31,1285,1320,1283,1293,94500,1293.0
2012-07-30,1335,1335,1271,1282,113700,1282.0
2012-07-27,1323,1348,1323,1337,115600,1337.0
2012-07-26,1257,1325,1241,1313,132000,1313.0
2012-07-25,1269,1271,1252,1259,86600,1259.0
2012-07-24,1290,1292,1265,1269,108700,1269.0
2012-07-23,1318,1337,1293,1293,72900,1293.0
2012-07-20,1350,1354,1320,1327,69300,1327.0
2012-07-19,1331,1366,1331,1347,97500,1347.0
2012-07-18,1318,1352,1305,1327,102400,1327.0
2012-07-17,1346,1346,1311,1312,79400,1312.0
2012-07-13,1300,1338,1300,1333,87600,1333.0
2012-07-12,1305,1314,1282,1298,94100,1298.0
2012-07-11,1296,1334,1292,1305,194100,1305.0
2012-07-10,1285,1294,1272,1280,82900,1280.0
2012-07-09,1299,1303,1275,1279,84700,1279.0
2012-07-06,1250,1298,1250,1295,136700,1295.0
2012-07-05,1265,1270,1252,1258,183600,1258.0
2012-07-04,1298,1309,1277,1280,112200,1280.0
2012-07-03,1315,1318,1275,1302,158000,1302.0
2012-07-02,1334,1335,1306,1314,126700,1314.0
2012-06-29,1295,1324,1281,1314,154200,1314.0
2012-06-28,1276,1291,1270,1274,112400,1274.0
2012-06-27,1256,1293,1226,1285,252500,1285.0
2012-06-26,1250,1293,1236,1255,336300,1255.0
2012-06-25,1274,1274,1217,1242,199400,1242.0
2012-06-22,1226,1278,1225,1264,214000,1264.0
2012-06-21,1222,1251,1222,1248,234400,1248.0
2012-06-20,1189,1221,1175,1217,269700,1217.0
2012-06-19,1160,1196,1155,1185,273300,1185.0
2012-06-18,1185,1200,1160,1180,322300,1180.0
2012-06-15,1091,1137,1091,1126,186600,1126.0
2012-06-14,1087,1087,1073,1082,123400,1082.0
2012-06-13,1108,1108,1079,1089,165400,1089.0
2012-06-12,1100,1120,1098,1107,209400,1107.0
2012-06-11,1159,1162,1099,1106,431700,1106.0
2012-06-08,1197,1198,1140,1140,173100,1140.0
2012-06-07,1199,1209,1184,1203,115200,1203.0
2012-06-06,1155,1181,1148,1173,156400,1173.0
2012-06-05,1150,1157,1125,1141,168900,1141.0
2012-06-04,1150,1165,1120,1140,182900,1140.0
2012-06-01,1202,1206,1182,1186,133100,1186.0
2012-05-31,1195,1206,1161,1202,217100,1202.0
2012-05-30,1232,1237,1200,1201,218600,1201.0
2012-05-29,1221,1250,1214,1232,141700,1232.0
2012-05-28,1262,1268,1213,1227,157500,1227.0
2012-05-25,1262,1299,1260,1292,215200,1292.0
2012-05-24,1368,1368,1305,1316,200800,1316.0
2012-05-23,1419,1419,1367,1368,131900,1368.0
2012-05-22,1470,1471,1417,1418,101600,1418.0
2012-05-21,1431,1478,1431,1467,90400,1467.0
2012-05-18,1415,1455,1415,1430,105600,1430.0
2012-05-17,1411,1426,1405,1413,96100,1413.0
2012-05-16,1448,1448,1422,1430,78500,1430.0
2012-05-15,1470,1470,1415,1457,138800,1457.0
2012-05-14,1513,1513,1448,1450,162500,1450.0
2012-05-11,1603,1603,1538,1538,91400,1538.0
2012-05-10,1603,1610,1591,1600,89700,1600.0
2012-05-09,1566,1607,1565,1603,184300,1603.0
2012-05-08,1575,1586,1547,1574,160900,1574.0
2012-05-07,1590,1615,1569,1579,226300,1579.0
2012-05-02,1572,1595,1570,1593,67500,1593.0
2012-05-01,1576,1585,1568,1571,63600,1571.0
2012-04-27,1573,1578,1567,1573,96800,1573.0
2012-04-26,1570,1577,1567,1573,37800,1573.0
2012-04-25,1575,1582,1556,1570,124300,1570.0
2012-04-24,1545,1552,1500,1546,115400,1546.0
2012-04-23,1561,1565,1549,1554,80700,1554.0
2012-04-20,1568,1568,1545,1563,103400,1563.0
2012-04-19,1595,1595,1568,1569,94000,1569.0
2012-04-18,1568,1596,1568,1589,162800,1589.0
2012-04-17,1551,1573,1547,1568,122200,1568.0
2012-04-16,1544,1557,1540,1551,72400,1551.0
2012-04-13,1536,1553,1529,1551,121600,1551.0
2012-04-12,1555,1555,1538,1541,89200,1541.0
2012-04-11,1539,1557,1535,1556,208700,1556.0
2012-04-10,1543,1545,1528,1538,117000,1538.0
2012-04-09,1561,1561,1532,1552,145500,1552.0
2012-04-06,1534,1575,1512,1562,303900,1562.0
2012-04-05,1521,1539,1511,1533,209100,1533.0
2012-04-04,1545,1545,1507,1521,170300,1521.0
2012-04-03,1540,1575,1524,1539,450400,1539.0
2012-04-02,1500,1509,1471,1505,215100,1505.0
2012-03-30,1451,1495,1449,1490,188900,1490.0
2012-03-29,1447,1448,1432,1446,102300,1446.0
2012-03-28,1451,1455,1436,1447,92400,1447.0
2012-03-27,1457,1457,1441,1448,99200,1448.0
2012-03-26,1406,1468,1406,1444,215800,1444.0
2012-03-23,1425,1425,1404,1404,119700,1404.0
2012-03-22,1429,1435,1415,1431,69900,1431.0
2012-03-21,1422,1430,1420,1426,56400,1426.0
2012-03-19,1432,1436,1415,1427,86000,1427.0
2012-03-16,1439,1443,1414,1430,122500,1430.0
2012-03-15,1451,1452,1441,1444,67600,1444.0
2012-03-14,1460,1476,1440,1456,131000,1456.0
2012-03-13,1458,1460,1435,1438,169100,1438.0
2012-03-12,1470,1481,1462,1467,94600,1467.0
2012-03-09,1485,1485,1470,1475,124600,1475.0
2012-03-08,1474,1504,1474,1495,89300,1495.0
2012-03-07,1500,1500,1471,1474,141300,1474.0
2012-03-06,1516,1524,1504,1504,76400,1504.0
2012-03-05,1510,1529,1510,1523,70500,1523.0
2012-03-02,1504,1520,1504,1509,48200,1509.0
2012-03-01,1522,1528,1502,1504,58400,1504.0
2012-02-29,1523,1529,1512,1529,59600,1529.0
2012-02-28,1503,1515,1503,1512,70600,1512.0
2012-02-27,1534,1535,1514,1517,108400,1517.0
2012-02-24,1535,1536,1521,1530,101900,1530.0
2012-02-23,1549,1553,1542,1546,37100,1546.0
2012-02-22,1537,1549,1537,1548,38800,1548.0
2012-02-21,1526,1538,1522,1536,41500,1536.0
2012-02-20,1521,1530,1519,1520,54900,1520.0
2012-02-17,1548,1550,1522,1530,113900,1530.0
2012-02-16,1560,1560,1542,1547,112700,1547.0
2012-02-15,1577,1577,1558,1568,86800,1568.0
2012-02-14,1563,1576,1563,1575,42100,1575.0
2012-02-13,1578,1578,1555,1560,62200,1560.0
2012-02-10,1558,1567,1555,1565,42000,1565.0
2012-02-09,1551,1562,1550,1557,65800,1557.0
2012-02-08,1539,1556,1539,1553,51300,1553.0
2012-02-07,1545,1545,1536,1542,31400,1542.0
2012-02-06,1540,1549,1529,1533,37200,1533.0
2012-02-03,1539,1539,1522,1527,41300,1527.0
2012-02-02,1541,1555,1523,1536,68700,1536.0
2012-02-01,1531,1549,1531,1546,40800,1546.0
2012-01-31,1534,1537,1528,1531,47200,1531.0
2012-01-30,1545,1550,1530,1534,26000,1534.0
2012-01-27,1518,1546,1515,1540,51900,1540.0
2012-01-26,1555,1555,1515,1518,91400,1518.0
2012-01-25,1555,1569,1549,1563,52700,1563.0
2012-01-24,1552,1555,1530,1538,87300,1538.0
2012-01-23,1565,1576,1548,1559,96400,1559.0
2012-01-20,1578,1610,1564,1573,122300,1573.0
2012-01-19,1574,1583,1550,1558,55100,1558.0
2012-01-18,1558,1562,1549,1552,41300,1552.0
2012-01-17,1574,1574,1544,1558,32300,1558.0
2012-01-16,1543,1580,1533,1564,66100,1564.0
2012-01-13,1545,1559,1537,1542,53700,1542.0
2012-01-12,1559,1564,1523,1543,73000,1543.0
2012-01-11,1593,1594,1555,1559,49500,1559.0
2012-01-10,1580,1600,1574,1584,104300,1584.0
2012-01-06,1608,1608,1528,1554,148300,1554.0
2012-01-05,1645,1645,1602,1611,53100,1611.0
2012-01-04,1678,1678,1638,1655,71100,1655.0
2011-12-30,1652,1654,1636,1648,32600,1648.0
2011-12-29,1642,1666,1641,1651,45700,1651.0
2011-12-28,1685,1685,1621,1631,41000,1631.0
2011-12-27,1625,1660,1608,1653,41700,1653.0
2011-12-26,1631,1636,1625,1627,45300,1627.0
2011-12-22,1602,1628,1601,1624,51500,1624.0
2011-12-21,1620,1625,1610,1612,25700,1612.0
2011-12-20,1606,1626,1605,1620,30400,1620.0
2011-12-19,1596,1620,1596,1605,47600,1605.0
2011-12-16,1560,1599,1557,1595,64100,1595.0
2011-12-15,1618,1625,1576,1578,70300,1578.0
2011-12-14,1600,1627,1600,1610,56500,1610.0
2011-12-13,1580,1615,1577,1610,54400,1610.0
2011-12-12,1620,1620,1581,1582,33000,1582.0
2011-12-09,1577,1593,1555,1580,75300,1580.0
2011-12-08,1558,1575,1555,1569,40400,1569.0
2011-12-07,1550,1554,1505,1543,114300,1543.0
2011-12-06,1565,1573,1530,1530,113400,1530.0
2011-12-05,1584,1588,1561,1561,62200,1561.0
2011-12-02,1586,1609,1586,1597,77800,1597.0
2011-12-01,1600,1600,1563,1586,70700,1586.0
2011-11-30,1571,1583,1570,1581,53600,1581.0
2011-11-29,1555,1574,1550,1570,41300,1570.0
2011-11-28,1570,1570,1529,1550,91700,1550.0
2011-11-25,1595,1598,1536,1570,96900,1570.0
2011-11-24,1640,1640,1608,1610,23300,1610.0
2011-11-22,1613,1648,1613,1640,59000,1640.0
2011-11-21,1605,1646,1605,1638,60300,1638.0
2011-11-18,1607,1616,1590,1605,90000,1605.0
2011-11-17,1640,1640,1600,1620,64500,1620.0
2011-11-16,1660,1670,1635,1642,48000,1642.0
2011-11-15,1700,1704,1650,1659,49000,1659.0
2011-11-14,1673,1710,1671,1704,51600,1704.0
2011-11-11,1677,1695,1670,1674,28800,1674.0
2011-11-10,1663,1689,1658,1679,45800,1679.0
2011-11-09,1709,1718,1694,1710,54200,1710.0
2011-11-08,1720,1720,1705,1708,59200,1708.0
2011-11-07,1686,1716,1679,1705,79100,1705.0
2011-11-04,1661,1686,1657,1670,112200,1670.0
2011-11-02,1683,1688,1630,1651,147300,1651.0
2011-11-01,1727,1753,1713,1720,61800,1720.0
2011-10-31,1709,1762,1692,1748,141300,1748.0
2011-10-28,1655,1708,1642,1708,155200,1708.0
2011-10-27,1673,1673,1634,1651,84900,1651.0
2011-10-26,1680,1680,1627,1650,77500,1650.0
2011-10-25,1676,1691,1656,1680,97300,1680.0
2011-10-24,1702,1708,1672,1676,70200,1676.0
2011-10-21,1707,1707,1677,1688,27800,1688.0
2011-10-20,1674,1704,1660,1684,120000,1684.0
2011-10-19,1683,1693,1671,1673,65900,1673.0
2011-10-18,1700,1700,1679,1682,57800,1682.0
2011-10-17,1704,1729,1681,1700,93900,1700.0
2011-10-14,1655,1720,1655,1704,139800,1704.0
2011-10-13,1702,1705,1635,1651,241400,1651.0
2011-10-12,1730,1732,1680,1701,163400,1701.0
2011-10-11,1739,1791,1729,1746,133900,1746.0
2011-10-07,1727,1743,1708,1720,155100,1720.0
2011-10-06,1756,1790,1740,1745,123700,1745.0
2011-10-05,1742,1767,1730,1752,94600,1752.0
2011-10-04,1750,1794,1740,1768,170300,1768.0
2011-10-03,1801,1825,1774,1814,120300,1814.0
2011-09-30,1784,1869,1783,1869,232700,1869.0
2011-09-29,1780,1800,1762,1800,137700,1800.0
2011-09-28,1752,1776,1716,1758,107800,1758.0
2011-09-27,1740,1787,1670,1712,192500,1712.0
2011-09-26,1724,1770,1687,1736,182300,1736.0
2011-09-22,1745,1768,1723,1746,109800,1746.0
2011-09-21,1850,1850,1773,1781,141500,1781.0
2011-09-20,1800,1823,1770,1817,167400,1817.0
2011-09-16,1708,1787,1697,1787,201200,1787.0
2011-09-15,1680,1693,1655,1661,48800,1661.0
2011-09-14,1699,1710,1656,1660,83800,1660.0
2011-09-13,1777,1820,1656,1683,236100,1683.0
2011-09-12,1731,1746,1725,1728,53200,1728.0
2011-09-09,1734,1752,1725,1729,68600,1729.0
2011-09-08,1734,1740,1715,1731,67000,1731.0
2011-09-07,1650,1739,1646,1733,172100,1733.0
2011-09-06,1640,1696,1626,1644,154400,1644.0
2011-09-05,1631,1668,1631,1648,66400,1648.0
2011-09-02,1625,1643,1625,1631,36800,1631.0
2011-09-01,1645,1683,1623,1630,80900,1630.0
2011-08-31,1600,1687,1595,1643,210300,1643.0
2011-08-30,1604,1605,1571,1585,76900,1585.0
2011-08-29,1560,1609,1560,1602,67000,1602.0
2011-08-26,1554,1561,1543,1550,54300,1550.0
2011-08-25,1580,1587,1542,1546,71000,1546.0
2011-08-24,1573,1579,1563,1571,44800,1571.0
2011-08-23,1561,1573,1543,1573,58400,1573.0
2011-08-22,1551,1571,1538,1547,59000,1547.0
2011-08-19,1547,1591,1541,1562,80700,1562.0
2011-08-18,1600,1600,1548,1557,71600,1557.0
2011-08-17,1591,1598,1584,1594,96200,1594.0
2011-08-16,1594,1608,1585,1606,93500,1606.0
2011-08-15,1585,1591,1555,1578,39600,1578.0
2011-08-12,1557,1589,1556,1576,62500,1576.0
2011-08-11,1506,1560,1506,1555,57100,1555.0
2011-08-10,1520,1555,1518,1536,77800,1536.0
2011-08-09,1465,1478,1435,1473,108800,1473.0
2011-08-08,1546,1555,1501,1510,90500,1510.0
2011-08-05,1500,1560,1490,1542,97500,1542.0
2011-08-04,1577,1599,1570,1572,38900,1572.0
2011-08-03,1591,1619,1559,1573,74200,1573.0
2011-08-02,1601,1625,1593,1623,130800,1623.0
2011-08-01,1600,1628,1587,1599,151700,1599.0
2011-07-29,1550,1593,1520,1590,119400,1590.0
2011-07-28,1580,1580,1540,1558,125300,1558.0
2011-07-27,1516,1585,1511,1581,242700,1581.0
2011-07-26,1476,1512,1470,1511,143600,1511.0
2011-07-25,1478,1478,1463,1468,44600,1468.0
2011-07-22,1474,1476,1465,1468,71800,1468.0
2011-07-21,1471,1480,1466,1473,68900,1473.0
2011-07-20,1500,1517,1468,1471,72100,1471.0
2011-07-19,1510,1510,1489,1496,78400,1496.0
2011-07-15,1505,1505,1477,1491,98200,1491.0
2011-07-14,1466,1517,1464,1517,270400,1517.0
2011-07-13,1450,1468,1449,1453,60000,1453.0
2011-07-12,1470,1471,1451,1463,68200,1463.0
2011-07-11,1488,1490,1465,1487,109700,1487.0
2011-07-08,1442,1467,1442,1465,102600,1465.0
2011-07-07,1450,1454,1441,1445,72100,1445.0
2011-07-06,1436,1447,1432,1444,126500,1444.0
2011-07-05,1458,1458,1435,1436,111600,1436.0
2011-07-04,1484,1496,1463,1464,112800,1464.0
2011-07-01,1501,1510,1475,1484,89900,1484.0
2011-06-30,1481,1518,1474,1499,151800,1499.0
2011-06-29,1480,1480,1470,1476,93700,1476.0
2011-06-28,1466,1479,1455,1462,55700,1462.0
2011-06-27,1470,1471,1448,1448,137300,1448.0
2011-06-24,1460,1477,1457,1470,93900,1470.0
2011-06-23,1495,1495,1456,1466,100300,1466.0
2011-06-22,1489,1500,1445,1495,380400,1495.0
2011-06-21,1538,1562,1478,1492,518000,1492.0
2011-06-20,1525,1536,1517,1531,147300,1531.0
2011-06-17,1481,1500,1464,1482,70200,1482.0
2011-06-16,1450,1491,1447,1476,81300,1476.0
2011-06-15,1451,1456,1448,1450,51500,1450.0
2011-06-14,1441,1463,1432,1448,150000,1448.0
2011-06-13,1451,1466,1445,1455,90600,1455.0
2011-06-10,1475,1493,1466,1479,98800,1479.0
2011-06-09,1511,1511,1480,1481,62200,1481.0
2011-06-08,1518,1520,1492,1511,91500,1511.0
2011-06-07,1559,1559,1501,1520,230800,1520.0
2011-06-06,1598,1606,1566,1570,56100,1570.0
2011-06-03,1574,1606,1574,1595,58900,1595.0
2011-06-02,1571,1576,1557,1573,83300,1573.0
2011-06-01,1624,1638,1599,1602,81700,1602.0
2011-05-31,1596,1639,1592,1639,101800,1639.0
2011-05-30,1547,1587,1537,1574,50600,1574.0
2011-05-27,1550,1574,1541,1559,52800,1559.0
2011-05-26,1530,1550,1526,1540,53500,1540.0
2011-05-25,1591,1595,1521,1525,142500,1525.0
2011-05-24,1602,1607,1582,1590,43400,1590.0
2011-05-23,1598,1624,1596,1618,72500,1618.0
2011-05-20,1570,1600,1569,1590,59700,1590.0
2011-05-19,1590,1601,1571,1571,63300,1571.0
2011-05-18,1612,1618,1586,1598,42400,1598.0
2011-05-17,1570,1620,1553,1586,94400,1586.0
2011-05-16,1546,1563,1538,1551,76800,1551.0
2011-05-13,1597,1598,1546,1573,134200,1573.0
2011-05-12,1602,1620,1599,1603,75300,1603.0
2011-05-11,1635,1645,1613,1620,91100,1620.0
2011-05-10,1603,1641,1599,1628,126800,1628.0
2011-05-09,1660,1670,1611,1615,99100,1615.0
2011-05-06,1609,1660,1598,1642,101800,1642.0
2011-05-02,1690,1719,1626,1635,213700,1635.0
2011-04-28,1605,1672,1604,1671,402700,1671.0
2011-04-27,1604,1604,1567,1600,212800,1600.0
2011-04-26,1580,1605,1579,1589,209600,1589.0
2011-04-25,1571,1594,1563,1574,279800,1574.0
2011-04-22,1570,1586,1563,1576,178400,1576.0
2011-04-21,1590,1590,1554,1581,183400,1581.0
2011-04-20,1552,1595,1545,1595,251100,1595.0
2011-04-19,1511,1551,1502,1537,236700,1537.0
2011-04-18,1546,1564,1520,1520,162000,1520.0
2011-04-15,1527,1587,1519,1544,260800,1544.0
2011-04-14,1521,1529,1484,1510,125900,1510.0
2011-04-13,1529,1540,1490,1528,227700,1528.0
2011-04-12,1542,1550,1481,1519,142500,1519.0
2011-04-11,1475,1525,1465,1523,230100,1523.0
2011-04-08,1448,1485,1445,1459,150100,1459.0
2011-04-07,1406,1460,1406,1448,105200,1448.0
2011-04-06,1432,1439,1403,1410,181000,1410.0
2011-04-05,1461,1461,1397,1425,275500,1425.0
2011-04-04,1467,1514,1436,1466,294600,1466.0
2011-04-01,1480,1480,1441,1450,174500,1450.0
2011-03-31,1474,1480,1460,1480,112800,1480.0
2011-03-30,1460,1477,1454,1471,84500,1471.0
2011-03-29,1415,1450,1415,1450,93400,1450.0
2011-03-28,1395,1410,1390,1410,88600,1410.0
2011-03-25,1387,1400,1369,1394,105300,1394.0
2011-03-24,1367,1395,1360,1374,132700,1374.0
2011-03-23,1390,1399,1351,1365,150600,1365.0
2011-03-22,1351,1382,1332,1361,167600,1361.0
2011-03-18,1294,1325,1291,1291,103900,1291.0
2011-03-17,1272,1344,1238,1291,126700,1291.0
2011-03-16,1315,1332,1265,1307,148100,1307.0
2011-03-15,1370,1410,1070,1335,122000,1335.0
2011-03-14,1243,1375,1243,1340,152900,1340.0
2011-03-11,1390,1391,1363,1363,57000,1363.0
2011-03-10,1395,1413,1373,1400,40000,1400.0
2011-03-09,1391,1412,1391,1395,38100,1395.0
2011-03-08,1434,1434,1368,1373,59600,1373.0
2011-03-07,1318,1448,1314,1434,159300,1434.0
2011-03-04,1311,1331,1303,1318,66300,1318.0
2011-03-03,1297,1328,1291,1312,90200,1312.0
2011-03-02,1328,1332,1296,1303,86300,1303.0
2011-03-01,1371,1380,1352,1356,52600,1356.0
2011-02-28,1316,1380,1305,1372,72300,1372.0
2011-02-25,1300,1305,1297,1298,29100,1298.0
2011-02-24,1315,1319,1293,1302,52900,1302.0
2011-02-23,1315,1347,1315,1333,18700,1333.0
2011-02-22,1347,1354,1341,1344,18500,1344.0
2011-02-21,1334,1370,1328,1360,29600,1360.0
2011-02-18,1323,1345,1323,1339,33500,1339.0
2011-02-17,1341,1343,1324,1325,58900,1325.0
2011-02-16,1350,1354,1343,1347,44300,1347.0
2011-02-15,1385,1396,1371,1371,57900,1371.0
2011-02-14,1374,1382,1362,1375,29800,1375.0
2011-02-10,1345,1390,1345,1373,48800,1373.0
2011-02-09,1358,1358,1346,1348,40400,1348.0
2011-02-08,1345,1375,1344,1355,59800,1355.0
2011-02-07,1335,1365,1329,1355,65800,1355.0
2011-02-04,1342,1348,1308,1312,75500,1312.0
2011-02-03,1360,1360,1323,1351,110300,1351.0
2011-02-02,1309,1390,1309,1388,149400,1388.0
2011-02-01,1302,1309,1296,1302,61100,1302.0
2011-01-31,1271,1302,1271,1302,106100,1302.0
2011-01-28,1290,1301,1276,1300,102300,1300.0
2011-01-27,1250,1293,1247,1290,110700,1290.0
2011-01-26,1249,1258,1235,1243,74000,1243.0
2011-01-25,1240,1279,1240,1279,150100,1279.0
2011-01-24,1240,1240,1207,1228,34800,1228.0
2011-01-21,1250,1250,1229,1229,65300,1229.0
2011-01-20,1240,1255,1240,1254,75600,1254.0
2011-01-19,1225,1239,1203,1239,61200,1239.0
2011-01-18,1239,1243,1223,1225,49100,1225.0
2011-01-17,1240,1252,1235,1249,84900,1249.0
2011-01-14,1253,1253,1235,1240,73700,1240.0
2011-01-13,1226,1260,1226,1255,103100,1255.0
2011-01-12,1246,1246,1220,1226,89100,1226.0
2011-01-11,1200,1250,1197,1246,164800,1246.0
2011-01-07,1202,1217,1165,1197,130100,1197.0
2011-01-06,1200,1230,1197,1202,189300,1202.0
2011-01-05,1150,1195,1144,1195,219100,1195.0
2011-01-04,1110,1135,1106,1135,120300,1135.0
2010-12-30,1110,1110,1097,1100,39900,1100.0
2010-12-29,1088,1105,1085,1104,75600,1104.0
2010-12-28,1082,1087,1076,1083,51800,1083.0
2010-12-27,1086,1086,1075,1076,60700,1076.0
2010-12-24,1084,1084,1075,1076,69200,1076.0
2010-12-22,1081,1084,1077,1080,86300,1080.0
2010-12-21,1085,1088,1076,1082,65800,1082.0
2010-12-20,1090,1091,1076,1080,97700,1080.0
2010-12-17,1113,1114,1083,1089,105100,1089.0
2010-12-16,1113,1114,1106,1110,101600,1110.0
2010-12-15,1093,1102,1091,1102,85000,1102.0
2010-12-14,1090,1093,1082,1088,83000,1088.0
2010-12-13,1089,1096,1082,1093,67200,1093.0
2010-12-10,1110,1114,1098,1103,118100,1103.0
2010-12-09,1114,1119,1098,1099,65100,1099.0
2010-12-08,1102,1124,1101,1123,111600,1123.0
2010-12-07,1116,1119,1097,1107,95900,1107.0
2010-12-06,1114,1119,1099,1113,83100,1113.0
2010-12-03,1097,1120,1097,1119,231100,1119.0
2010-12-02,1084,1090,1076,1085,96900,1085.0
2010-12-01,1073,1080,1063,1070,118300,1070.0
2010-11-30,1083,1083,1075,1075,82300,1075.0
2010-11-29,1094,1094,1082,1084,49000,1084.0
2010-11-26,1106,1110,1089,1095,46600,1095.0
2010-11-25,1099,1105,1092,1104,51700,1104.0
2010-11-24,1085,1094,1081,1091,60100,1091.0
2010-11-22,1089,1091,1082,1088,79100,1088.0
2010-11-19,1103,1104,1086,1087,60000,1087.0
2010-11-18,1081,1098,1076,1098,41200,1098.0
2010-11-17,1088,1090,1080,1084,38600,1084.0
2010-11-16,1095,1096,1088,1091,51600,1091.0
2010-11-15,1108,1109,1089,1094,74700,1094.0
2010-11-12,1108,1116,1106,1108,53200,1108.0
2010-11-11,1110,1113,1095,1098,83100,1098.0
2010-11-10,1134,1134,1112,1113,48700,1113.0
2010-11-09,1129,1130,1113,1117,36400,1117.0
2010-11-08,1172,1172,1120,1125,71100,1125.0
2010-11-05,1141,1175,1141,1175,43100,1175.0
2010-11-04,1110,1146,1110,1141,29000,1141.0
2010-11-02,1153,1176,1105,1116,73600,1116.0
2010-11-01,1181,1198,1154,1176,90200,1176.0
2010-10-29,1203,1203,1165,1190,87700,1190.0
2010-10-28,1157,1208,1156,1199,153900,1199.0
2010-10-27,1125,1153,1121,1150,55700,1150.0
2010-10-26,1125,1132,1120,1121,43400,1121.0
2010-10-25,1133,1140,1128,1133,70800,1133.0
2010-10-22,1115,1137,1115,1135,67000,1135.0
2010-10-21,1106,1127,1100,1121,129700,1121.0
2010-10-20,1119,1119,1099,1106,26100,1106.0
2010-10-19,1099,1124,1099,1112,40600,1112.0
2010-10-18,1102,1113,1096,1100,44400,1100.0
2010-10-15,1110,1139,1096,1113,79800,1113.0
2010-10-14,1154,1154,1122,1122,78600,1122.0
2010-10-13,1170,1175,1156,1156,57200,1156.0
2010-10-12,1233,1238,1167,1169,103900,1169.0
2010-10-08,1232,1249,1221,1233,72600,1233.0
2010-10-07,1244,1258,1238,1250,38500,1250.0
2010-10-06,1259,1260,1227,1235,38200,1235.0
2010-10-05,1245,1267,1244,1259,91900,1259.0
2010-10-04,1254,1256,1236,1245,67300,1245.0
2010-10-01,1256,1267,1206,1244,72900,1244.0
2010-09-30,1242,1266,1240,1255,154200,1255.0
2010-09-29,1227,1259,1227,1252,237100,1252.0
2010-09-28,1180,1207,1180,1197,92400,1197.0
2010-09-27,1229,1229,1141,1160,66900,1160.0
2010-09-24,1170,1185,1164,1174,49600,1174.0
2010-09-22,1137,1208,1133,1178,174900,1178.0
2010-09-21,1228,1234,1225,1227,54300,1227.0
2010-09-17,1230,1237,1218,1228,32900,1228.0
2010-09-16,1232,1250,1212,1235,68200,1235.0
2010-09-15,1207,1242,1205,1231,93700,1231.0
2010-09-14,1202,1218,1197,1207,73000,1207.0
2010-09-13,1190,1190,1184,1190,26500,1190.0
2010-09-10,1193,1194,1185,1189,41100,1189.0
2010-09-09,1207,1207,1197,1197,20400,1197.0
2010-09-08,1194,1207,1189,1206,20600,1206.0
2010-09-07,1215,1220,1206,1207,34700,1207.0
2010-09-06,1205,1209,1194,1202,36600,1202.0
2010-09-03,1260,1263,1185,1204,91200,1204.0
2010-09-02,1302,1303,1260,1269,89000,1269.0
2010-09-01,1248,1296,1247,1295,172100,1295.0
2010-08-31,1229,1248,1228,1242,62300,1242.0
2010-08-30,1219,1247,1215,1234,68000,1234.0
2010-08-27,1162,1223,1160,1192,81200,1192.0
2010-08-26,1153,1159,1150,1159,29000,1159.0
2010-08-25,1164,1164,1152,1153,27500,1153.0
2010-08-24,1150,1160,1137,1152,28300,1152.0
2010-08-23,1147,1173,1136,1146,63200,1146.0
2010-08-20,1147,1147,1135,1142,18900,1142.0
2010-08-19,1132,1142,1131,1138,28600,1138.0
2010-08-18,1138,1144,1117,1122,46200,1122.0
2010-08-17,1143,1147,1128,1145,30900,1145.0
2010-08-16,1147,1162,1130,1136,33400,1136.0
2010-08-13,1168,1168,1144,1146,34800,1146.0
2010-08-12,1154,1155,1138,1153,48100,1153.0
2010-08-11,1160,1164,1146,1153,28800,1153.0
2010-08-10,1153,1176,1131,1176,62300,1176.0
2010-08-09,1110,1182,1108,1160,109000,1160.0
2010-08-06,1096,1114,1070,1108,265400,1108.0
2010-08-05,1139,1148,1107,1110,89000,1110.0
2010-08-04,1185,1185,1131,1146,122300,1146.0
2010-08-03,1240,1244,1190,1193,212700,1193.0
2010-08-02,1285,1286,1235,1242,125200,1242.0
2010-07-30,1292,1292,1272,1285,62400,1285.0
2010-07-29,1252,1298,1250,1291,164400,1291.0
2010-07-28,1250,1250,1242,1249,34900,1249.0
2010-07-27,1234,1237,1221,1234,51500,1234.0
2010-07-26,1217,1234,1210,1229,61900,1229.0
2010-07-23,1171,1206,1146,1200,97100,1200.0
2010-07-22,1199,1200,1160,1170,109900,1170.0
2010-07-21,1172,1209,1167,1193,149200,1193.0
2010-07-20,1144,1187,1136,1166,91800,1166.0
2010-07-16,1120,1168,1118,1154,133200,1154.0
2010-07-15,1146,1148,1117,1132,129900,1132.0
2010-07-14,1181,1183,1129,1146,283600,1146.0
2010-07-13,1132,1177,1125,1173,269300,1173.0
2010-07-12,1085,1132,1085,1132,190100,1132.0
2010-07-09,1090,1105,1072,1081,184500,1081.0
2010-07-08,1100,1103,1070,1093,254200,1093.0
2010-07-07,1104,1108,1074,1089,374200,1089.0
2010-07-06,1185,1185,1110,1130,337300,1130.0
2010-07-05,1220,1228,1200,1215,87000,1215.0
2010-07-02,1221,1240,1199,1230,75100,1230.0
2010-07-01,1220,1241,1220,1227,57300,1227.0
2010-06-30,1230,1254,1229,1230,57400,1230.0
2010-06-29,1283,1283,1266,1274,42100,1274.0
2010-06-28,1291,1291,1273,1275,34700,1275.0
2010-06-25,1290,1295,1273,1292,96600,1292.0
2010-06-24,1320,1320,1296,1304,63400,1304.0
2010-06-23,1301,1304,1291,1291,88200,1291.0
2010-06-22,1311,1328,1300,1311,214300,1311.0
2010-06-21,1291,1300,1289,1296,83600,1296.0
2010-06-18,1293,1298,1280,1291,79200,1291.0
2010-06-17,1319,1323,1286,1290,137200,1290.0
2010-06-16,1333,1333,1318,1318,54500,1318.0
2010-06-15,1317,1326,1317,1320,28000,1320.0
2010-06-14,1318,1324,1318,1319,31700,1319.0
2010-06-11,1312,1330,1312,1315,71900,1315.0
2010-06-10,1344,1344,1307,1312,37800,1312.0
2010-06-09,1341,1359,1320,1326,32600,1326.0
2010-06-08,1321,1372,1321,1371,59200,1371.0
2010-06-07,1350,1373,1338,1348,63200,1348.0
2010-06-04,1362,1375,1362,1371,17100,1371.0
2010-06-03,1365,1390,1357,1373,44100,1373.0
2010-06-02,1370,1380,1362,1364,41500,1364.0
2010-06-01,1395,1404,1379,1390,30700,1390.0
2010-05-31,1372,1395,1368,1395,36100,1395.0
2010-05-28,1380,1393,1380,1385,33300,1385.0
2010-05-27,1389,1389,1365,1371,49700,1371.0
2010-05-26,1369,1395,1360,1389,42800,1389.0
2010-05-25,1404,1406,1350,1369,89200,1369.0
2010-05-24,1400,1408,1388,1404,112400,1404.0
2010-05-21,1315,1395,1305,1386,105600,1386.0
2010-05-20,1323,1368,1323,1368,50300,1368.0
2010-05-19,1308,1353,1307,1353,38300,1353.0
2010-05-18,1390,1390,1315,1335,93000,1335.0
2010-05-17,1381,1381,1364,1366,69800,1366.0
2010-05-14,1394,1394,1379,1391,57000,1391.0
2010-05-13,1400,1409,1391,1393,50300,1393.0
2010-05-12,1400,1410,1392,1401,47100,1401.0
2010-05-11,1409,1417,1387,1403,96400,1403.0
2010-05-10,1388,1408,1373,1397,53500,1397.0
2010-05-07,1400,1402,1376,1387,101600,1387.0
2010-05-06,1411,1421,1404,1421,101600,1421.0
2010-04-30,1440,1444,1431,1441,48200,1441.0
2010-04-28,1425,1433,1423,1430,82200,1430.0
2010-04-27,1440,1447,1431,1447,63900,1447.0
2010-04-26,1442,1447,1421,1425,155400,1425.0
2010-04-23,1451,1457,1431,1442,156800,1442.0
2010-04-22,1435,1452,1427,1451,68800,1451.0
2010-04-21,1433,1439,1426,1435,75300,1435.0
2010-04-20,1432,1443,1425,1433,69000,1433.0
2010-04-19,1440,1440,1427,1430,84700,1430.0
2010-04-16,1438,1455,1432,1449,116500,1449.0
2010-04-15,1445,1447,1419,1430,277700,1430.0
2010-04-14,1473,1473,1433,1442,236900,1442.0
2010-04-13,1494,1496,1477,1485,81300,1485.0
2010-04-12,1503,1515,1495,1498,94000,1498.0
2010-04-09,1528,1528,1493,1503,133100,1503.0
2010-04-08,1524,1533,1501,1525,84200,1525.0
2010-04-07,1506,1540,1500,1533,143500,1533.0
2010-04-06,1470,1503,1462,1503,129200,1503.0
2010-04-05,1501,1507,1460,1473,207600,1473.0
2010-04-02,1515,1521,1495,1503,131700,1503.0
2010-04-01,1536,1540,1490,1510,187900,1510.0
2010-03-31,1555,1558,1534,1545,188200,1545.0
2010-03-30,1561,1570,1530,1558,322300,1558.0
2010-03-29,1603,1642,1601,1640,168700,1640.0
2010-03-26,1585,1592,1582,1592,100500,1592.0
2010-03-25,1550,1595,1550,1582,160600,1582.0
2010-03-24,1521,1540,1521,1540,52000,1540.0
2010-03-23,1531,1540,1471,1518,156300,1518.0
2010-03-19,1530,1545,1524,1534,126700,1534.0
2010-03-18,1540,1546,1510,1546,222100,1546.0
2010-03-17,1517,1520,1512,1516,75400,1516.0
2010-03-16,1518,1520,1514,1517,78000,1517.0
2010-03-15,1482,1520,1481,1520,131900,1520.0
2010-03-12,1478,1486,1476,1481,111600,1481.0
2010-03-11,1469,1479,1451,1476,120200,1476.0
2010-03-10,1435,1467,1433,1465,97300,1465.0
2010-03-09,1421,1444,1420,1433,54100,1433.0
2010-03-08,1415,1425,1411,1423,63300,1423.0
2010-03-05,1387,1409,1386,1405,71300,1405.0
2010-03-04,1381,1396,1381,1393,46300,1393.0
2010-03-03,1391,1397,1380,1381,80000,1381.0
2010-03-02,1400,1403,1392,1396,52600,1396.0
2010-03-01,1400,1406,1397,1400,28700,1400.0
2010-02-26,1394,1409,1394,1409,59100,1409.0
2010-02-25,1429,1429,1396,1409,61600,1409.0
2010-02-24,1418,1425,1405,1407,39700,1407.0
2010-02-23,1410,1418,1405,1414,47800,1414.0
2010-02-22,1410,1421,1404,1413,59100,1413.0
2010-02-19,1422,1422,1410,1417,60100,1417.0
2010-02-18,1427,1434,1420,1426,47000,1426.0
2010-02-17,1436,1440,1431,1438,22300,1438.0
2010-02-16,1438,1442,1420,1442,28100,1442.0
2010-02-15,1434,1443,1433,1440,23300,1440.0
2010-02-12,1446,1446,1420,1444,37900,1444.0
2010-02-10,1454,1463,1441,1446,64500,1446.0
2010-02-09,1402,1457,1400,1444,103200,1444.0
2010-02-08,1402,1424,1396,1419,52900,1419.0
2010-02-05,1390,1409,1388,1394,34800,1394.0
2010-02-04,1401,1420,1398,1420,49400,1420.0
2010-02-03,1421,1423,1402,1403,48800,1403.0
2010-02-02,1414,1436,1414,1420,33800,1420.0
2010-02-01,1410,1410,1382,1409,61400,1409.0
2010-01-29,1428,1428,1411,1419,36500,1419.0
2010-01-28,1440,1440,1427,1428,36800,1428.0
2010-01-27,1424,1457,1424,1435,53700,1435.0
2010-01-26,1470,1470,1434,1442,89200,1442.0
2010-01-25,1420,1427,1417,1421,54300,1421.0
2010-01-22,1420,1442,1419,1434,66900,1434.0
2010-01-21,1440,1442,1430,1440,42700,1440.0
2010-01-20,1443,1449,1433,1439,72800,1439.0
2010-01-19,1465,1474,1455,1465,72900,1465.0
2010-01-18,1464,1488,1460,1462,201900,1462.0
2010-01-15,1409,1459,1402,1456,280000,1456.0
2010-01-14,1380,1381,1360,1381,55700,1381.0
2010-01-13,1378,1383,1372,1373,59200,1373.0
2010-01-12,1389,1389,1374,1380,37500,1380.0
2010-01-08,1385,1391,1373,1379,75000,1379.0
2010-01-07,1382,1397,1381,1387,66500,1387.0
2010-01-06,1410,1412,1371,1376,112700,1376.0
2010-01-05,1425,1427,1399,1399,101300,1399.0
2010-01-04,1400,1418,1392,1417,108900,1417.0
2009-12-30,1389,1409,1382,1387,130300,1387.0
2009-12-29,1352,1384,1329,1381,240800,1381.0
2009-12-28,1355,1355,1337,1352,258700,1352.0
2009-12-25,1390,1391,1353,1368,274400,1368.0
2009-12-24,1410,1410,1388,1397,116100,1397.0
2009-12-22,1420,1421,1386,1397,216800,1397.0
2009-12-21,1464,1477,1410,1415,294400,1415.0
2009-12-18,1449,1458,1436,1452,125200,1452.0
2009-12-17,1435,1440,1424,1431,76000,1431.0
2009-12-16,1450,1450,1425,1440,140500,1440.0
2009-12-15,1490,1492,1458,1459,140300,1459.0
2009-12-14,1528,1550,1492,1513,65500,1513.0
2009-12-11,1550,1550,1508,1520,84000,1520.0
2009-12-10,1489,1542,1486,1495,138800,1495.0
2009-12-09,1435,1469,1421,1465,56100,1465.0
2009-12-08,1428,1472,1422,1422,85000,1422.0
2009-12-07,1452,1470,1436,1436,34100,1436.0
2009-12-04,1497,1501,1450,1456,74400,1456.0
2009-12-03,1502,1514,1477,1497,50100,1497.0
2009-12-02,1539,1547,1510,1516,57600,1516.0
2009-12-01,1477,1522,1477,1515,48800,1515.0
2009-11-30,1443,1515,1443,1490,104300,1490.0
2009-11-27,1401,1455,1401,1443,100500,1443.0
2009-11-26,1371,1460,1371,1447,74400,1447.0
2009-11-25,1338,1373,1320,1363,108200,1363.0
2009-11-24,1419,1419,1355,1373,88000,1373.0
2009-11-20,1410,1470,1404,1420,51800,1420.0
2009-11-19,1433,1458,1427,1447,61500,1447.0
2009-11-18,1402,1543,1385,1493,147500,1493.0
2009-11-17,1430,1435,1388,1403,57400,1403.0
2009-11-16,1469,1469,1420,1426,53900,1426.0
2009-11-13,1488,1488,1457,1477,58100,1477.0
2009-11-12,1500,1537,1461,1488,84500,1488.0
2009-11-11,1500,1506,1429,1501,176000,1501.0
2009-11-10,1593,1595,1493,1505,124500,1505.0
2009-11-09,1590,1600,1562,1593,44200,1593.0
2009-11-06,1600,1600,1566,1582,58700,1582.0
2009-11-05,1578,1596,1561,1587,72800,1587.0
2009-11-04,1652,1652,1558,1578,164100,1578.0
2009-11-02,1649,1680,1643,1680,25800,1680.0
2009-10-30,1653,1697,1650,1679,78300,1679.0
2009-10-29,1610,1650,1610,1637,122900,1637.0
2009-10-28,1684,1684,1645,1648,52400,1648.0
2009-10-27,1668,1680,1641,1675,88100,1675.0
2009-10-26,1689,1710,1669,1688,86700,1688.0
2009-10-23,1695,1706,1670,1680,74600,1680.0
2009-10-22,1723,1724,1666,1691,63900,1691.0
2009-10-21,1724,1730,1706,1722,62200,1722.0
2009-10-20,1740,1744,1714,1724,88500,1724.0
2009-10-19,1718,1745,1718,1730,68900,1730.0
2009-10-16,1726,1738,1706,1714,72600,1714.0
2009-10-15,1740,1750,1700,1725,121800,1725.0
2009-10-14,1611,1735,1609,1732,284700,1732.0
2009-10-13,1626,1637,1602,1612,100400,1612.0
2009-10-09,1651,1674,1648,1651,102100,1651.0
2009-10-08,1650,1680,1631,1674,110400,1674.0
2009-10-07,1660,1664,1601,1636,142200,1636.0
2009-10-06,1721,1726,1653,1665,143600,1665.0
2009-10-05,1740,1752,1710,1735,107200,1735.0
2009-10-02,1737,1765,1721,1733,175100,1733.0
2009-10-01,1731,1754,1714,1754,166400,1754.0
2009-09-30,1716,1735,1715,1735,128000,1735.0
2009-09-29,1715,1716,1697,1710,103900,1710.0
2009-09-28,1702,1720,1671,1707,119700,1707.0
2009-09-25,1683,1732,1660,1717,142000,1717.0
2009-09-24,1725,1725,1685,1695,102700,1695.0
2009-09-18,1650,1700,1595,1695,111200,1695.0
2009-09-17,1595,1630,1590,1630,32500,1630.0
2009-09-16,1610,1625,1565,1585,61000,1585.0
2009-09-15,1620,1670,1580,1590,105600,1590.0
2009-09-14,1640,1640,1610,1615,40600,1615.0
2009-09-11,1645,1650,1615,1625,38400,1625.0
2009-09-10,1630,1650,1605,1645,37700,1645.0
2009-09-09,1650,1650,1590,1605,93500,1605.0
2009-09-08,1650,1655,1635,1650,44400,1650.0
2009-09-07,1665,1685,1655,1665,22200,1665.0
2009-09-04,1690,1695,1650,1665,52200,1665.0
2009-09-03,1680,1690,1670,1675,56500,1675.0
2009-09-02,1665,1700,1620,1685,112000,1685.0
2009-09-01,1715,1715,1600,1690,293100,1690.0
2009-08-31,1800,1800,1670,1675,135500,1675.0
2009-08-28,1725,1790,1720,1760,132600,1760.0
2009-08-27,1725,1725,1705,1725,42500,1725.0
2009-08-26,1715,1725,1695,1720,38700,1720.0
2009-08-25,1720,1720,1680,1695,65400,1695.0
2009-08-24,1675,1725,1670,1720,107200,1720.0
2009-08-21,1635,1655,1600,1645,61200,1645.0
2009-08-20,1670,1680,1570,1620,177700,1620.0
2009-08-19,1750,1810,1655,1685,290400,1685.0
2009-08-18,1625,1690,1620,1680,324900,1680.0
2009-08-17,1495,1550,1485,1550,98600,1550.0
2009-08-14,1395,1477,1390,1475,144600,1475.0
2009-08-13,1425,1437,1390,1395,92300,1395.0
2009-08-12,1420,1447,1420,1425,57400,1425.0
2009-08-11,1435,1447,1410,1445,64800,1445.0
2009-08-10,1477,1490,1432,1450,67500,1450.0
2009-08-07,1515,1515,1467,1475,110100,1475.0
2009-08-06,1565,1580,1525,1540,73400,1540.0
2009-08-05,1550,1595,1520,1580,52100,1580.0
2009-08-04,1585,1585,1525,1540,62000,1540.0
2009-08-03,1595,1610,1560,1590,26700,1590.0
2009-07-31,1605,1605,1575,1595,23800,1595.0
2009-07-30,1625,1625,1555,1570,65600,1570.0
2009-07-29,1630,1660,1605,1630,48200,1630.0
2009-07-28,1640,1685,1620,1675,43400,1675.0
2009-07-27,1675,1685,1620,1645,73500,1645.0
2009-07-24,1585,1650,1565,1650,92900,1650.0
2009-07-23,1515,1565,1497,1560,73100,1560.0
2009-07-22,1535,1535,1490,1505,36400,1505.0
2009-07-21,1525,1535,1495,1520,57200,1520.0
2009-07-17,1540,1545,1495,1535,52800,1535.0
2009-07-16,1530,1555,1525,1535,84400,1535.0
2009-07-15,1490,1500,1450,1500,41400,1500.0
2009-07-14,1465,1465,1432,1457,38600,1457.5
2009-07-13,1535,1535,1367,1387,77100,1387.5
2009-07-10,1525,1585,1467,1492,163900,1492.5
2009-07-09,1435,1505,1435,1505,123600,1505.0
2009-07-08,1447,1457,1412,1420,47400,1420.0
2009-07-07,1460,1472,1435,1457,84300,1457.5
2009-07-06,1402,1455,1400,1420,74100,1420.0
2009-07-03,1355,1390,1352,1387,82400,1387.5
2009-07-02,1315,1367,1310,1345,75400,1345.0
2009-07-01,1325,1325,1305,1307,28000,1307.5
2009-06-30,1325,1355,1280,1327,70700,1327.5
2009-06-29,1345,1350,1317,1317,49800,1317.5
2009-06-26,1335,1360,1320,1357,56000,1357.5
2009-06-25,1375,1375,1340,1347,62100,1347.5
2009-06-24,1360,1380,1340,1380,80600,1380.0
2009-06-23,1320,1375,1317,1330,173200,1330.0
2009-06-22,1317,1420,1305,1325,274700,1325.0
2009-06-19,1242,1245,1222,1237,68800,1237.5
2009-06-18,1225,1245,1202,1220,39100,1220.0
2009-06-17,1205,1212,1195,1205,80900,1205.0
2009-06-16,1195,1230,1187,1212,83500,1212.5
2009-06-15,1175,1195,1155,1195,50200,1195.0
2009-06-12,1150,1160,1140,1142,24900,1142.5
2009-06-11,1167,1190,1120,1150,52900,1150.0
2009-06-10,1175,1190,1157,1165,76800,1165.0
2009-06-09,1150,1175,1142,1172,64400,1172.5
2009-06-08,1145,1165,1135,1142,73600,1142.5
2009-06-05,1095,1120,1092,1110,68500,1110.0
2009-06-04,1095,1102,1082,1097,73500,1097.5
2009-06-03,1072,1095,1062,1095,77200,1095.0
2009-06-02,1082,1085,1042,1052,43400,1052.5
2009-06-01,1097,1097,1070,1080,18000,1080.0
2009-05-29,1050,1095,1022,1095,68000,1095.0
2009-05-28,1057,1062,1045,1050,15000,1050.0
2009-05-27,1070,1077,1052,1052,16000,1052.5
2009-05-26,1055,1080,1047,1075,33800,1075.0
2009-05-25,1055,1090,1040,1055,42300,1055.0
2009-05-22,1050,1080,1047,1067,41100,1067.5
2009-05-21,1045,1092,1045,1082,112900,1082.5
2009-05-20,1030,1045,1030,1045,35000,1045.0
2009-05-19,1032,1045,1010,1032,88500,1032.5
2009-05-18,1012,1045,1000,1042,158900,1042.5
2009-05-15,1000,1010,990,1007,120700,1007.5
2009-05-14,955,982,953,965,47800,965.5
2009-05-13,955,960,944,948,30900,948.0
2009-05-12,970,972,957,959,16000,959.0
2009-05-11,970,975,955,971,37100,971.5
2009-05-08,964,967,951,954,21200,954.5
2009-05-07,966,975,958,966,42100,966.0
2009-05-01,950,980,940,961,40900,961.0
2009-04-30,931,955,931,936,33600,936.0
2009-04-28,958,964,925,925,42900,925.5
2009-04-27,939,1007,939,966,69000,966.0
2009-04-24,959,959,940,940,25800,940.5
2009-04-23,943,970,935,960,53100,960.0
2009-04-22,980,990,960,960,34400,960.0
2009-04-21,975,999,975,994,42200,994.5
2009-04-20,938,1007,932,1000,85400,1000.0
2009-04-17,964,970,920,963,77000,963.0
2009-04-16,964,974,963,964,59700,964.0
2009-04-15,975,977,962,965,105900,965.0
2009-04-14,925,955,921,955,91100,955.0
2009-04-13,868,930,868,925,128600,925.0
2009-04-10,852,867,831,867,69500,867.5
2009-04-09,844,855,844,850,67100,850.0
2009-04-08,840,851,839,841,35700,841.0
2009-04-07,857,858,847,850,21200,850.5
2009-04-06,854,864,842,858,40100,858.5
2009-04-03,861,862,841,850,62500,850.0
2009-04-02,880,880,857,860,47900,860.5
2009-04-01,881,885,860,870,58900,870.5
2009-03-31,877,890,855,890,143900,890.0
2009-03-30,911,925,901,907,97600,907.5
2009-03-27,870,896,865,896,51600,896.5
2009-03-26,850,866,846,866,47500,866.0
2009-03-25,850,850,845,850,24800,850.0
2009-03-24,850,851,831,847,27800,847.0
2009-03-23,851,857,844,849,55200,849.5
2009-03-19,850,850,826,845,35000,845.0
2009-03-18,842,850,835,844,46100,844.5
2009-03-17,800,817,795,812,38300,812.0
2009-03-16,797,804,790,797,34600,797.0
2009-03-13,800,809,785,790,41300,790.5
2009-03-12,813,820,801,805,13100,805.5
2009-03-11,825,825,804,820,43600,820.5
2009-03-10,823,825,804,806,22100,806.0
2009-03-09,816,837,816,831,21100,831.0
2009-03-06,850,860,830,839,44500,839.5
2009-03-05,875,875,863,863,39800,863.0
2009-03-04,865,875,845,875,22700,875.0
2009-03-03,887,887,852,875,24900,875.0
2009-03-02,905,905,875,887,28500,887.0
2009-02-27,885,905,883,905,23600,905.0
2009-02-26,899,901,878,897,34300,897.5
2009-02-25,921,927,895,899,23100,899.0
2009-02-24,901,925,901,920,25500,920.0
2009-02-23,916,945,907,940,36900,940.0
2009-02-20,935,951,935,945,35600,945.0
2009-02-19,964,964,956,959,18900,959.5
2009-02-18,960,967,951,964,27100,964.5
2009-02-17,974,975,963,974,33500,974.5
2009-02-16,974,980,960,974,39000,974.5
2009-02-13,989,990,962,964,33700,964.5
2009-02-12,950,975,925,950,53300,950.0
2009-02-10,984,987,958,958,36900,958.0
2009-02-09,1002,1002,970,979,41500,979.5
2009-02-06,1025,1030,989,1010,62000,1010.0
2009-02-05,1025,1037,1007,1027,63000,1027.5
2009-02-04,1012,1070,985,1037,504400,1037.5
2009-02-03,1050,1060,1025,1025,37500,1025.0
2009-02-02,1025,1087,1017,1075,47700,1075.0
2009-01-30,1050,1050,987,1017,27800,1017.5
2009-01-29,975,1030,970,1030,38400,1030.0
2009-01-28,990,994,976,980,29900,980.0
2009-01-27,1000,1037,980,1007,39400,1007.5
2009-01-26,960,1037,955,1002,32500,1002.5
2009-01-23,978,979,957,960,21700,960.0
2009-01-22,989,998,975,988,6900,988.5
2009-01-21,956,994,955,979,48100,979.0
2009-01-20,1010,1030,951,986,81600,986.0
2009-01-19,1032,1072,1025,1030,19600,1030.0
2009-01-16,1015,1037,1010,1030,20800,1030.0
2009-01-15,1017,1045,1010,1027,31400,1027.5
2009-01-14,1057,1062,1022,1045,19800,1045.0
2009-01-13,1070,1105,1035,1045,36000,1045.0
2009-01-09,1032,1072,1025,1055,29100,1055.0
2009-01-08,1030,1040,1020,1035,35600,1035.0
2009-01-07,1062,1065,1010,1030,63600,1030.0
2009-01-06,1105,1112,1065,1065,48200,1065.0
2009-01-05,1180,1180,1110,1122,11000,1122.5
2008-12-30,1127,1160,1117,1140,32800,1140.0
2008-12-29,1050,1125,1040,1110,57000,1110.0
2008-12-26,1082,1090,1050,1050,59300,1050.0
2008-12-25,1165,1165,1002,1125,160800,1125.0
2008-12-24,973,1052,940,1025,108600,1025.0
2008-12-22,902,999,900,988,70700,988.5
2008-12-19,930,940,914,915,40600,915.5
2008-12-18,985,985,945,945,46300,945.0
2008-12-17,1020,1020,910,985,130700,985.5
2008-12-16,950,1010,921,1010,111500,1010.0
2008-12-15,856,867,848,860,13200,860.0
2008-12-12,848,864,835,855,13700,855.0
2008-12-11,877,877,840,847,19800,847.0
2008-12-10,865,870,845,847,12100,847.0
2008-12-09,856,880,852,880,27500,880.0
2008-12-08,846,856,842,854,14100,854.0
2008-12-05,850,860,828,837,29900,837.0
2008-12-04,855,860,845,848,15100,848.5
2008-12-03,826,850,826,841,11200,841.5
2008-12-02,850,850,825,825,50600,825.0
2008-12-01,870,870,855,866,5500,866.5
2008-11-28,852,878,852,871,11300,871.5
2008-11-27,852,873,848,849,21800,849.5
2008-11-26,882,887,860,860,15400,860.5
2008-11-25,927,927,881,897,18200,897.5
2008-11-21,922,927,885,927,20300,927.5
2008-11-20,917,925,908,925,18200,925.0
2008-11-19,928,928,892,917,20500,917.0
2008-11-18,912,922,879,915,20300,915.0
2008-11-17,873,911,872,897,15800,897.5
2008-11-14,895,910,863,863,19100,863.0
2008-11-13,885,890,858,887,13500,887.5
2008-11-12,867,891,851,885,17600,885.0
2008-11-11,867,890,860,878,23300,878.5
2008-11-10,860,885,856,867,21500,867.0
2008-11-07,829,868,815,858,21100,858.0
2008-11-06,869,874,843,844,12400,844.0
2008-11-05,885,897,881,893,25500,893.0
2008-11-04,852,877,812,877,29300,877.5
2008-10-31,861,861,820,837,31300,837.5
2008-10-30,813,860,813,834,42400,834.5
2008-10-29,852,857,790,796,49900,796.5
2008-10-28,838,838,774,807,69000,807.5
2008-10-27,889,889,820,845,32000,845.0
2008-10-24,875,890,855,889,18800,889.5
2008-10-23,835,890,835,884,15000,884.5
2008-10-22,920,920,880,892,23000,892.0
2008-10-21,934,950,925,940,47200,940.0
2008-10-20,925,942,910,922,48400,922.0
2008-10-17,880,903,880,901,27500,901.5
2008-10-16,852,870,830,858,26800,858.5
2008-10-15,839,854,805,854,35400,854.0
2008-10-14,880,889,838,840,36000,840.5
2008-10-10,822,851,805,826,27900,826.5
2008-10-09,840,875,827,853,30900,853.5
2008-10-08,850,870,830,863,54000,863.0
2008-10-07,795,910,780,909,75600,909.0
2008-10-06,825,840,795,830,36100,830.0
2008-10-03,855,862,805,849,22000,849.5
2008-10-02,850,870,850,860,22300,860.0
2008-10-01,862,866,840,847,31800,847.5
2008-09-30,807,840,798,840,57700,840.0
2008-09-29,886,903,879,897,24000,897.0
2008-09-26,848,864,842,864,31300,864.5
2008-09-25,826,856,814,855,22900,855.0
2008-09-24,800,820,795,820,19500,820.0
2008-09-22,835,849,800,811,16200,811.5
2008-09-19,819,825,807,820,41600,820.0
2008-09-18,806,817,783,804,36400,804.5
2008-09-17,847,847,800,805,75000,805.5
2008-09-16,755,774,737,748,51000,748.5
2008-09-12,865,870,760,800,30400,800.0
2008-09-11,865,875,842,850,11900,850.5
2008-09-10,886,899,875,879,16400,879.5
2008-09-09,911,918,882,887,16500,887.0
2008-09-08,916,950,916,919,18000,919.5
2008-09-05,900,915,897,915,23900,915.5
2008-09-04,932,935,911,915,10000,915.0
2008-09-03,947,950,935,947,13800,947.5
2008-09-02,950,957,930,948,22800,948.0
2008-09-01,950,968,940,949,18700,949.5
2008-08-29,945,950,926,947,23200,947.5
2008-08-28,915,940,903,938,26400,938.0
2008-08-27,890,904,882,895,24200,895.0
2008-08-26,905,906,885,890,16800,890.0
2008-08-25,905,910,902,909,14900,909.0
2008-08-22,910,910,900,900,35700,900.0
2008-08-21,901,915,899,903,39500,903.5
2008-08-20,905,910,877,889,17200,889.5
2008-08-19,930,930,909,920,21400,920.0
2008-08-18,925,944,924,936,14900,936.0
2008-08-15,924,939,917,929,51000,929.5
2008-08-14,920,934,910,912,27300,912.0
2008-08-13,931,947,925,925,17700,925.0
2008-08-12,945,953,929,946,39900,946.5
2008-08-11,950,950,920,920,49300,920.5
2008-08-08,908,934,908,920,36500,920.0
2008-08-07,930,972,912,945,86200,945.0
2008-08-06,885,918,880,907,88100,907.5
2008-08-05,835,864,835,855,58600,855.0
2008-08-04,876,895,801,820,137800,820.5
2008-08-01,887,887,850,865,24100,865.0
2008-07-31,876,889,874,883,23300,883.5
2008-07-30,877,890,866,875,62600,875.5
2008-07-29,850,900,850,900,53700,900.0
2008-07-28,838,860,836,860,43600,860.0
2008-07-25,836,846,835,838,13000,838.0
2008-07-24,833,837,825,836,15200,836.0
2008-07-23,845,845,816,830,32300,830.0
2008-07-22,853,855,825,830,37100,830.5
2008-07-18,800,850,800,850,34700,850.0
2008-07-17,775,797,775,795,15900,795.0
2008-07-16,776,783,767,781,19800,781.5
2008-07-15,775,785,772,780,45000,780.0
2008-07-14,774,781,764,771,25900,771.0
2008-07-11,779,779,750,775,22600,775.0
2008-07-10,750,764,745,764,5100,764.0
2008-07-09,751,774,750,751,4200,751.0
2008-07-08,756,756,745,748,14200,748.0
2008-07-07,758,758,752,752,1800,752.0
2008-07-04,751,762,750,758,6400,758.0
2008-07-03,763,763,755,755,5100,755.0
2008-07-02,755,764,751,763,6100,763.5
2008-07-01,760,760,750,752,3300,752.5
2008-06-30,765,775,750,760,6600,760.0
2008-06-27,750,767,750,762,11700,762.5
2008-06-26,780,780,761,767,5800,767.5
2008-06-25,774,786,762,779,18400,779.5
2008-06-24,755,781,750,780,31800,780.0
2008-06-23,751,756,740,755,27500,755.0
2008-06-20,725,766,713,754,67400,754.0
2008-06-19,731,737,723,726,29400,726.0
2008-06-18,726,747,715,731,28900,731.5
2008-06-17,744,744,725,726,16400,726.5
2008-06-16,729,755,727,744,14800,744.5
2008-06-13,711,733,711,727,15400,727.5
2008-06-12,746,748,715,736,27100,736.0
2008-06-11,740,750,716,736,37000,736.0
2008-06-10,750,752,733,740,9800,740.0
2008-06-09,755,757,747,747,19400,747.5
2008-06-06,768,768,762,763,4200,763.0
2008-06-05,768,768,760,768,6300,768.0
2008-06-04,750,785,750,768,32000,768.0
2008-06-03,760,760,751,751,7100,751.0
2008-06-02,764,764,750,754,10200,754.0
2008-05-30,750,755,747,754,4500,754.5
2008-05-29,750,760,740,756,11700,756.0
2008-05-28,775,775,750,754,12700,754.5
2008-05-27,726,765,721,750,20400,750.0
2008-05-26,725,729,705,706,8600,706.0
2008-05-23,706,714,700,705,14300,705.0
2008-05-22,724,724,702,706,5500,706.5
2008-05-21,720,720,705,705,13900,705.5
2008-05-20,725,732,720,725,14400,725.0
2008-05-19,710,720,701,720,12200,720.0
2008-05-16,715,721,701,707,5000,707.5
2008-05-15,710,721,710,715,5000,715.5
2008-05-14,705,714,703,703,5600,703.0
2008-05-13,717,717,710,714,4600,714.0
2008-05-12,681,710,675,710,12100,710.0
2008-05-09,714,718,700,701,9200,701.5
2008-05-08,716,724,702,718,13000,718.0
2008-05-07,715,719,699,716,14800,716.0
2008-05-02,707,716,702,716,20900,716.5
2008-05-01,725,732,710,713,21700,713.5
2008-04-30,755,760,742,742,31400,742.5
2008-04-28,720,750,720,740,24900,740.5
2008-04-25,717,717,702,703,13200,703.5
2008-04-24,705,711,695,711,9700,711.0
2008-04-23,704,709,689,705,10400,705.0
2008-04-22,675,702,667,702,14900,702.5
2008-04-21,694,702,679,680,11600,680.5
2008-04-18,707,716,680,705,19800,705.0
2008-04-17,675,701,666,697,26400,697.5
2008-04-16,718,718,694,694,19800,694.0
2008-04-15,705,728,667,728,39800,728.5
2008-04-14,663,730,663,702,42000,702.0
2008-04-11,660,663,650,662,26700,662.5
2008-04-10,650,660,645,651,44000,651.0
2008-04-09,585,680,575,659,66900,659.5
2008-04-08,575,598,557,595,34700,595.0
2008-04-07,575,590,565,580,22600,580.5
2008-04-04,558,574,536,574,21200,574.5
2008-04-03,550,572,550,562,13700,562.5
2008-04-02,562,562,544,555,13000,555.0
2008-04-01,565,575,550,565,5400,565.0
2008-03-31,549,588,539,567,7100,567.5
2008-03-28,582,582,534,565,25300,565.5
2008-03-27,563,582,545,582,15900,582.5
2008-03-26,580,580,567,573,11500,573.5
2008-03-25,596,598,562,576,20300,576.0
2008-03-24,571,595,550,569,24900,569.5
2008-03-21,550,574,545,571,26800,571.5
2008-03-19,523,548,506,548,8500,548.5
2008-03-18,500,505,490,498,10400,498.5
2008-03-17,501,515,501,515,2400,515.0
2008-03-14,504,542,504,530,7800,530.5
2008-03-13,522,522,511,512,7800,512.5
2008-03-12,542,550,522,522,5700,522.5
2008-03-11,501,542,500,540,7400,540.0
2008-03-10,544,544,519,525,8800,525.0
2008-03-07,551,559,549,559,3400,559.0
2008-03-06,560,585,550,570,18400,570.0
2008-03-05,589,589,559,564,15200,564.5
2008-03-04,580,600,580,589,7500,589.0
2008-03-03,576,600,560,580,12200,580.0
2008-02-29,602,602,590,590,10100,590.5
2008-02-28,602,617,602,612,10000,612.5
2008-02-27,610,612,605,612,8000,612.5
2008-02-26,635,635,600,615,12200,615.0
2008-02-25,640,647,635,645,13300,645.0
2008-02-22,624,630,623,630,16100,630.0
2008-02-21,610,617,603,612,10900,612.0
2008-02-20,605,605,595,595,3700,595.5
2008-02-19,609,615,605,615,8100,615.0
2008-02-18,602,609,597,602,3500,602.5
2008-02-15,600,600,592,595,28100,595.5
2008-02-14,599,605,599,605,21000,605.0
2008-02-13,600,605,599,599,37600,599.0
2008-02-12,611,620,609,613,13600,613.5
2008-02-08,600,612,600,612,10400,612.0
2008-02-07,600,600,595,600,22500,600.0
2008-02-06,609,610,599,602,20500,602.5
2008-02-05,609,620,607,607,30400,607.5
2008-02-04,620,625,606,624,15600,624.0
2008-02-01,624,630,624,629,5900,629.5
2008-01-31,613,626,612,625,5200,625.5
2008-01-30,615,615,612,613,1500,613.0
2008-01-29,597,608,576,607,10900,607.5
2008-01-28,597,597,572,597,17200,597.5
2008-01-25,592,597,575,597,18000,597.5
2008-01-24,547,574,545,570,10600,570.0
2008-01-23,524,555,518,545,29100,545.5
2008-01-22,517,525,500,518,32000,518.0
2008-01-21,518,529,507,518,24800,518.0
2008-01-18,500,527,495,518,54700,518.0
2008-01-17,500,530,485,530,36600,530.0
2008-01-16,500,540,492,492,29800,492.5
2008-01-15,548,555,515,550,25200,550.0
2008-01-11,570,570,538,538,15000,538.5
2008-01-10,603,612,576,582,36400,582.5
2008-01-09,629,629,594,612,27200,612.5
2008-01-08,640,640,622,629,16200,629.0
2008-01-07,627,635,595,635,18800,635.0
2008-01-04,640,640,617,624,6800,624.0
2007-12-28,638,650,617,640,24700,640.0
2007-12-27,650,659,626,658,25500,658.0
2007-12-26,625,650,617,650,62400,650.0
2007-12-25,650,652,601,615,77000,615.0
2007-12-21,648,650,645,650,42600,650.0
2007-12-20,651,658,642,648,44400,648.0
2007-12-19,700,702,665,675,30500,675.5
2007-12-18,710,717,690,700,37500,700.0
2007-12-17,729,735,721,722,21200,722.5
2007-12-14,750,750,734,739,25500,739.0
2007-12-13,743,749,738,745,12200,745.0
2007-12-12,750,750,734,743,24200,743.0
2007-12-11,775,775,756,760,25400,760.0
2007-12-10,770,774,752,755,39500,755.5
2007-12-07,784,784,772,774,29600,774.5
2007-12-06,800,800,791,791,18900,791.0
2007-12-05,800,801,795,799,27000,799.5
2007-12-04,800,800,796,797,9900,797.0
2007-12-03,800,800,795,799,15500,799.5
2007-11-30,800,812,795,800,47700,800.0
2007-11-29,799,807,793,800,101000,800.0
2007-11-28,799,805,799,800,28400,800.0
2007-11-27,799,799,797,799,7100,799.5
2007-11-26,800,810,795,799,30300,799.5
2007-11-22,795,799,793,795,3600,795.0
2007-11-21,799,800,794,795,14700,795.0
2007-11-20,799,802,790,800,13100,800.0
2007-11-19,800,800,795,795,4000,795.0
2007-11-16,800,801,796,800,22300,800.0
2007-11-15,820,820,802,804,6700,804.0
2007-11-14,810,825,805,812,6900,812.5
2007-11-13,795,810,795,810,3900,810.0
2007-11-12,800,800,790,799,2800,799.0
2007-11-09,812,814,800,808,22900,808.5
2007-11-08,814,814,800,814,16300,814.0
2007-11-07,825,825,820,820,8900,820.5
2007-11-06,825,825,807,825,32600,825.0
2007-11-05,840,840,830,830,1700,830.5
2007-11-02,845,849,835,845,6100,845.0
2007-11-01,861,865,850,850,17300,850.0
2007-10-31,863,863,860,860,9700,860.0
2007-10-30,863,866,860,866,7700,866.0
2007-10-29,863,863,859,861,1900,861.5
2007-10-26,863,863,855,855,2000,855.5
2007-10-25,863,863,854,854,10500,854.5
2007-10-24,854,863,851,862,5900,862.5
2007-10-23,867,867,854,854,1900,854.0
2007-10-22,866,867,841,867,3800,867.0
2007-10-19,875,875,870,872,6300,872.5
2007-10-18,873,877,868,870,11800,870.0
2007-10-17,858,868,857,868,18700,868.5
2007-10-16,856,858,851,851,11100,851.0
2007-10-15,850,864,849,859,25800,859.5
2007-10-12,822,825,815,825,21500,825.0
2007-10-11,805,827,805,825,11400,825.0
2007-10-10,832,832,807,810,26600,810.0
2007-10-09,842,847,830,833,11700,833.0
2007-10-05,850,852,845,852,24300,852.5
2007-10-04,841,855,839,852,25400,852.5
2007-10-03,850,862,847,862,4100,862.0
2007-10-02,850,851,839,841,5800,841.5
2007-10-01,862,870,860,865,1500,865.0
2007-09-28,825,852,825,852,2100,852.5
2007-09-27,825,850,810,850,11300,850.0
2007-09-26,799,837,791,837,6700,837.5
2007-09-25,839,839,785,786,8100,786.5
2007-09-21,825,825,809,824,7300,824.0
2007-09-20,825,825,825,825,100,825.0
2007-09-19,825,825,810,825,12800,825.0
2007-09-18,825,837,813,837,3400,837.5
2007-09-14,825,840,824,837,14900,837.5
2007-09-13,825,834,822,830,23700,830.0
2007-09-12,821,840,821,840,9500,840.0
2007-09-11,810,835,805,820,22700,820.0
2007-09-10,825,849,810,825,11500,825.0
2007-09-07,825,852,812,850,23900,850.0
2007-09-06,825,830,814,829,25400,829.5
2007-09-05,840,840,825,825,14300,825.5
2007-09-04,845,850,840,849,16700,849.0
2007-09-03,819,890,815,852,29400,852.5
2007-08-31,820,842,809,837,12500,837.5
2007-08-30,822,825,820,825,4900,825.0
2007-08-29,825,825,820,822,7200,822.5
2007-08-28,833,835,830,832,5300,832.5
2007-08-27,865,865,846,846,2400,846.0
2007-08-24,848,855,846,855,2200,855.0
2007-08-23,849,851,822,848,25100,848.5
2007-08-22,857,860,845,855,10900,855.0
2007-08-21,825,870,825,858,13000,858.0
2007-08-20,825,865,785,865,16300,865.0
2007-08-17,850,850,837,838,5500,838.0
2007-08-16,865,867,860,865,2000,865.0
2007-08-15,887,887,842,867,11500,867.5
2007-08-14,900,900,895,899,1100,899.5
2007-08-13,895,895,895,895,700,895.0
2007-08-10,899,900,891,895,4000,895.0
2007-08-09,912,912,886,900,14500,900.0
2007-08-08,910,920,901,912,11500,912.5
2007-08-07,913,922,900,913,5300,913.0
2007-08-06,925,930,915,925,3700,925.0
2007-08-03,913,927,913,925,3100,925.0
2007-08-02,910,927,910,927,4500,927.5
2007-08-01,900,910,895,910,3100,910.0
2007-07-31,899,900,885,900,3100,900.0
2007-07-30,895,905,893,905,13100,905.0
2007-07-27,900,940,900,925,10800,925.0
2007-07-26,924,924,906,906,7200,906.0
2007-07-25,904,928,900,928,9700,928.5
2007-07-24,900,905,899,900,12500,900.0
2007-07-23,909,925,900,917,6200,917.0
2007-07-20,897,925,895,924,11500,924.0
2007-07-19,910,910,880,882,2800,882.5
2007-07-18,911,927,870,895,23100,895.0
2007-07-17,925,935,917,926,3600,926.5
2007-07-13,925,935,925,925,8200,925.0
2007-07-12,924,930,915,925,17100,925.0
2007-07-11,1000,1000,935,944,43000,944.5
2007-07-10,913,937,913,925,17100,925.5
2007-07-09,906,915,906,915,14000,915.0
2007-07-06,900,915,900,915,30500,915.0
2007-07-05,892,900,892,893,14100,893.5
2007-07-04,884,900,884,900,19000,900.0
2007-07-03,886,895,886,890,4800,890.0
2007-07-02,890,895,885,895,7800,895.0
2007-06-29,884,900,880,900,11200,900.0
2007-06-28,852,875,852,875,16300,875.0
2007-06-27,864,875,860,867,4100,867.5
2007-06-26,894,894,864,864,2700,864.0
2007-06-25,900,900,884,895,16500,895.0
2007-06-22,877,900,866,900,40400,900.0
2007-06-21,870,870,851,862,8200,862.5
2007-06-20,865,874,857,862,18900,862.5
2007-06-19,857,857,830,852,15700,852.5
2007-06-18,840,842,827,827,3400,827.5
2007-06-15,820,827,820,827,7800,827.5
2007-06-14,800,815,800,815,6000,815.0
2007-06-13,777,800,772,796,15600,796.0
2007-06-12,820,820,761,807,41900,807.5
2007-06-11,826,827,818,825,4500,825.0
2007-06-08,835,835,829,829,2000,829.0
2007-06-07,834,850,825,834,9700,834.5
2007-06-06,837,846,831,837,8400,837.5
2007-06-05,841,841,835,835,4300,835.5
2007-06-04,845,845,835,835,4000,835.5
2007-06-01,865,865,840,841,5800,841.5
2007-05-31,845,845,839,839,5200,839.5
2007-05-30,844,844,835,842,4700,842.5
2007-05-29,844,848,844,845,1900,845.0
2007-05-28,850,850,845,850,2500,850.0
2007-05-25,852,852,847,847,2900,847.0
2007-05-24,849,851,840,840,1400,840.5
2007-05-23,850,850,840,840,2700,840.5
2007-05-22,852,852,847,850,5300,850.0
2007-05-21,850,857,848,848,7200,848.5
2007-05-18,860,860,860,860,200,860.0
2007-05-17,848,850,847,848,1400,848.0
2007-05-16,851,855,840,840,3000,840.0
2007-05-15,880,880,854,870,6600,870.0
2007-05-14,890,899,890,895,11400,895.0
2007-05-11,850,875,850,875,15700,875.0
2007-05-10,867,867,845,850,32700,850.0
2007-05-09,875,875,868,870,14300,870.0
2007-05-08,885,890,862,882,4600,882.0
2007-05-07,875,890,872,885,6000,885.0
2007-05-02,877,885,869,875,4600,875.0
2007-05-01,900,900,875,890,4000,890.0
2007-04-27,900,901,890,900,24200,900.0
2007-04-26,875,880,863,880,10800,880.0
2007-04-25,892,892,870,870,18600,870.0
2007-04-24,885,892,883,890,26400,890.0
2007-04-23,880,885,880,882,7200,882.5
2007-04-20,879,880,870,878,9000,878.5
2007-04-19,855,890,855,880,12200,880.5
2007-04-18,845,855,845,855,7300,855.0
2007-04-17,840,850,840,847,6500,847.5
2007-04-16,835,840,835,839,8100,839.0
2007-04-13,822,835,821,835,9300,835.0
2007-04-12,819,820,819,820,2500,820.0
2007-04-11,820,820,819,819,1600,819.0
2007-04-10,825,829,819,819,3100,819.5
2007-04-09,837,837,808,832,8800,832.5
2007-04-06,842,842,840,840,800,840.5
2007-04-05,832,849,832,841,1900,841.5
2007-04-04,852,852,835,835,3500,835.5
2007-04-03,854,854,840,851,1600,851.0
2007-04-02,870,870,847,851,2200,851.0
2007-03-30,864,872,864,872,4500,872.5
2007-03-29,855,860,854,860,1100,860.0
2007-03-28,836,850,825,850,3700,850.5
2007-03-27,840,840,836,840,800,840.0
2007-03-26,857,874,836,840,13600,840.0
2007-03-23,845,858,845,858,5100,858.0
2007-03-22,846,862,835,862,10500,862.5
2007-03-20,867,867,845,845,7900,845.5
2007-03-19,828,855,828,845,2600,845.0
2007-03-16,851,859,850,850,1000,850.0
2007-03-15,857,869,849,850,8200,850.0
2007-03-14,855,857,852,857,800,857.0
2007-03-13,872,872,857,857,800,857.5
2007-03-12,859,860,857,857,900,857.5
2007-03-09,858,876,857,858,900,858.5
2007-03-08,864,865,857,857,2300,857.5
2007-03-07,887,889,867,868,2700,868.0
2007-03-06,855,887,855,884,9200,884.5
2007-03-05,887,888,878,885,5200,885.0
2007-03-02,889,892,876,890,6600,890.0
2007-03-01,885,895,869,895,6200,895.0
2007-02-28,862,880,855,870,3100,870.0
2007-02-27,873,877,870,877,9100,877.5
2007-02-26,882,882,868,874,4500,874.5
2007-02-23,880,880,868,876,8500,876.5
2007-02-22,870,889,865,880,8100,880.0
2007-02-21,894,894,866,878,7800,878.5
2007-02-20,875,894,868,894,4100,894.0
2007-02-19,892,892,870,872,3900,872.5
2007-02-16,877,899,876,895,14600,895.0
2007-02-15,879,879,855,875,7600,875.5
2007-02-14,870,892,860,892,5300,892.5
2007-02-13,888,888,873,873,2600,873.0
2007-02-09,890,890,886,886,1300,886.0
2007-02-08,889,900,889,900,3700,900.0
2007-02-07,905,905,875,877,6700,877.5
2007-02-06,900,902,900,902,4000,902.5
2007-02-05,890,902,885,900,7900,900.0
2007-02-02,900,900,885,900,3600,900.0
2007-02-01,900,901,900,900,5300,900.0
2007-01-31,901,901,895,897,9400,897.5
2007-01-30,900,909,900,909,5500,909.0
2007-01-29,900,903,900,901,5100,901.5
2007-01-26,915,915,900,901,2500,901.5
2007-01-25,912,915,900,915,10100,915.0
2007-01-24,910,910,900,900,10700,900.5
2007-01-23,900,910,899,910,19200,910.0
2007-01-22,885,905,880,905,21300,905.0
2007-01-19,900,900,895,900,3000,900.0
2007-01-18,895,900,886,900,12900,900.0
2007-01-17,900,901,895,895,20900,895.0
2007-01-16,900,900,900,900,11500,900.0
2007-01-15,904,905,895,900,16000,900.0
2007-01-12,903,905,900,903,27700,903.0
2007-01-11,900,900,893,900,14500,900.0
2007-01-10,900,900,896,900,14600,900.0
2007-01-09,910,910,895,900,12800,900.5
2007-01-05,889,902,875,900,30700,900.0
2007-01-04,875,890,875,890,5600,890.0
2006-12-29,867,867,862,865,3900,865.0
2006-12-28,863,866,858,866,8800,866.5
2006-12-27,870,875,863,863,9900,863.5
2006-12-26,869,872,865,870,11100,870.0
2006-12-25,869,870,860,864,19200,864.0
2006-12-22,860,869,850,869,18700,869.0
2006-12-21,860,860,853,853,9900,853.5
2006-12-20,854,860,852,860,10100,860.0
2006-12-19,853,853,842,853,17700,853.0
2006-12-18,855,855,844,854,3900,854.0
2006-12-15,854,855,842,850,5900,850.0
2006-12-14,855,855,845,846,2700,846.5
2006-12-13,852,855,849,855,7400,855.0
2006-12-12,858,860,838,838,13200,838.0
2006-12-11,860,865,853,860,15800,860.5
2006-12-08,868,868,850,855,27000,855.5
2006-12-07,865,875,865,875,11600,875.0
2006-12-06,865,865,865,865,1400,865.0
2006-12-05,870,870,865,867,1500,867.5
2006-12-04,875,880,875,880,1100,880.0
2006-12-01,915,915,873,895,1300,895.0
2006-11-30,856,872,856,858,3100,858.0
2006-11-29,900,900,867,868,2300,868.5
2006-11-28,890,900,890,900,2100,900.0
2006-11-27,910,910,875,890,2900,890.0
2006-11-24,890,890,885,890,4400,890.0
2006-11-22,895,895,875,889,14400,889.0
2006-11-21,905,905,900,900,10200,900.0
2006-11-20,907,915,900,915,4200,915.0
2006-11-17,910,910,905,905,2300,905.0
2006-11-16,915,915,910,910,1800,910.0
2006-11-15,902,910,902,910,2700,910.0
2006-11-14,900,902,900,902,1400,902.0
2006-11-13,900,900,900,900,2500,900.0
2006-11-10,900,902,900,900,4700,900.5
2006-11-09,900,900,900,900,1600,900.5
2006-11-08,900,900,899,900,1900,900.0
2006-11-07,910,910,900,900,4400,900.0
2006-11-06,900,900,900,900,6600,900.0
2006-11-02,900,905,900,900,10700,900.5
2006-11-01,857,905,857,900,6500,900.0
2006-10-31,888,888,855,860,6600,860.0
2006-10-30,881,910,881,897,5800,897.5
2006-10-27,900,900,898,899,4500,899.0
2006-10-26,900,900,897,900,7300,900.0
2006-10-25,865,900,865,900,10300,900.0
2006-10-24,852,855,849,855,9600,855.0
2006-10-23,852,854,850,852,2900,852.5
2006-10-20,852,852,850,852,3700,852.5
2006-10-19,834,857,834,851,7600,851.0
2006-10-18,849,849,834,849,900,849.5
2006-10-17,850,850,819,845,900,845.0
2006-10-16,824,825,824,825,2800,825.0
2006-10-13,825,825,810,825,24500,825.0
2006-10-12,825,825,825,825,28600,825.0
2006-10-11,847,850,847,850,7500,850.0
2006-10-10,837,855,837,847,7800,847.5
2006-10-06,841,847,836,846,4200,846.0
2006-10-05,835,841,835,836,5900,836.0
2006-10-04,845,845,834,834,1000,834.0
2006-10-03,840,845,840,840,3100,840.0
2006-10-02,847,847,830,835,2000,835.0
2006-09-29,832,844,817,844,6700,844.5
2006-09-28,850,850,825,832,4700,832.5
2006-09-27,825,845,820,820,3700,820.0
2006-09-26,810,820,800,820,28900,820.0
2006-09-25,759,759,715,750,8300,750.0
2006-09-22,740,749,720,749,2800,749.0
2006-09-21,750,750,742,742,5400,742.5
2006-09-20,735,743,707,740,4000,740.5
2006-09-19,754,754,730,733,8700,733.0
2006-09-15,762,765,745,750,10300,750.5
2006-09-14,750,798,736,795,6600,795.0
2006-09-13,790,790,765,765,3400,765.0
2006-09-12,780,790,775,775,3200,775.0
2006-09-11,802,802,785,785,4700,785.0
2006-09-08,795,802,794,795,4000,795.5
2006-09-07,820,820,790,790,18200,790.5
2006-09-06,813,820,805,805,4300,805.0
2006-09-05,815,820,810,812,8400,812.5
2006-09-04,830,830,815,815,6300,815.0
2006-09-01,831,835,830,830,2300,830.0
2006-08-31,839,839,826,830,1200,830.0
2006-08-30,830,832,830,830,800,830.0
2006-08-29,841,860,837,839,5500,839.0
2006-08-28,865,865,826,856,1500,856.0
2006-08-25,875,875,851,851,2400,851.0
2006-08-24,851,861,850,850,6900,850.5
2006-08-23,852,866,852,858,2500,858.0
2006-08-22,855,869,855,869,3600,869.0
2006-08-21,860,865,856,856,2300,856.0
2006-08-18,865,865,855,855,2600,855.0
2006-08-17,875,877,865,865,8800,865.0
2006-08-16,865,876,865,876,7500,876.0
2006-08-15,867,867,840,850,1500,850.0
2006-08-14,843,875,843,867,7100,867.0
2006-08-11,847,847,827,828,1500,828.0
2006-08-10,850,850,827,832,7300,832.5
2006-08-09,849,849,825,849,1400,849.5
2006-08-08,850,850,827,850,3800,850.0
2006-08-07,902,902,850,850,9300,850.0
2006-08-04,896,904,875,875,2200,875.5
2006-08-03,892,915,891,899,10500,899.5
2006-08-02,830,875,830,855,4300,855.0
2006-08-01,859,860,850,860,2600,860.0
2006-07-31,850,865,850,860,3400,860.0
2006-07-28,806,865,806,850,11700,850.0
2006-07-27,790,810,790,791,8800,791.0
2006-07-26,865,865,820,850,5000,850.0
2006-07-25,890,890,850,850,3300,850.0
2006-07-24,825,855,825,855,7000,855.0
2006-07-21,840,840,832,837,10000,837.5
2006-07-20,875,897,875,879,8800,879.0
2006-07-19,808,830,808,830,11700,830.0
2006-07-18,898,910,790,805,5400,805.5
2006-07-14,897,902,897,900,17700,900.0
2006-07-13,890,900,890,897,4000,897.5
2006-07-12,900,900,877,882,2400,882.5
2006-07-11,922,922,875,875,5900,875.0
2006-07-10,885,900,877,900,2900,900.0
2006-07-07,867,875,867,875,1900,875.0
2006-07-06,865,875,865,872,1800,872.5
2006-07-05,877,887,872,875,7000,875.0
2006-07-04,900,900,887,887,4700,887.5
2006-07-03,907,907,887,897,2500,897.5
2006-06-30,912,912,897,900,6700,900.0
2006-06-29,910,917,905,912,9300,912.5
2006-06-28,910,910,895,897,2300,897.5
2006-06-27,910,915,897,910,4100,910.0
2006-06-26,915,915,895,900,3100,900.0
2006-06-23,915,922,907,907,4100,907.5
2006-06-22,917,925,902,915,4200,915.0
2006-06-21,905,930,902,930,4400,930.0
2006-06-20,930,930,850,892,43600,892.5
2006-06-19,1000,1012,920,937,52700,937.5
2006-06-16,962,1000,945,962,10500,962.5
2006-06-15,892,912,892,912,1700,912.5
2006-06-14,877,880,875,880,900,880.0
2006-06-13,875,877,875,875,1000,875.0
2006-06-12,850,880,850,865,4700,865.0
2006-06-09,852,880,852,880,2900,880.0
2006-06-08,882,882,840,852,4000,852.5
2006-06-07,875,900,860,885,1700,885.0
2006-06-06,897,897,862,862,1600,862.5
2006-06-05,875,897,850,897,2600,897.5
2006-06-02,902,902,830,865,14000,865.0
2006-06-01,935,935,907,907,6800,907.5
2006-05-31,897,937,887,937,10000,937.5
2006-05-30,877,890,875,885,4500,885.0
2006-05-29,850,890,850,890,5600,890.0
2006-05-26,847,865,847,862,3400,862.5
2006-05-25,875,875,845,845,3500,845.0
2006-05-24,875,875,850,850,1500,850.0
2006-05-23,870,870,855,855,300,855.0
2006-05-22,885,885,875,875,2400,875.0
2006-05-19,850,875,850,855,1700,855.0
2006-05-18,877,877,870,870,2100,870.0
2006-05-17,875,875,872,875,6100,875.0
2006-05-16,840,852,837,842,5800,842.5
2006-05-15,872,875,840,840,3900,840.0
2006-05-12,885,887,820,887,14300,887.5
2006-05-11,862,887,850,885,10300,885.0
2006-05-10,850,850,842,842,1100,842.5
2006-05-09,850,850,850,850,100,850.0
2006-05-08,847,862,835,850,2400,850.0
2006-05-02,837,852,800,852,8700,852.5
2006-05-01,862,862,842,850,4300,850.0
2006-04-28,825,857,825,857,2400,857.5
2006-04-27,825,860,807,850,4300,850.0
2006-04-26,850,850,847,850,5100,850.0
2006-04-25,850,850,840,850,7800,850.0
2006-04-24,822,822,820,820,5900,820.0
2006-04-21,810,860,805,860,8500,860.0
2006-04-20,840,860,795,860,7600,860.0
2006-04-19,842,847,837,837,900,837.5
2006-04-18,860,860,847,860,8900,860.0
2006-04-17,855,867,855,860,6000,860.0
2006-04-14,847,862,847,855,8200,855.0
2006-04-13,825,862,780,862,10000,862.5
2006-04-12,825,875,812,862,12200,862.5
2006-04-11,812,830,802,820,10600,820.0
2006-04-10,790,805,790,802,25900,802.5
2006-04-07,780,800,770,785,15900,785.0
2006-04-06,772,780,760,780,10000,780.0
2006-04-05,775,777,755,772,5500,772.5
2006-04-04,775,777,762,775,10000,775.0
2006-04-03,790,790,750,775,8800,775.0
2006-03-31,755,800,755,787,11100,787.5
2006-03-30,760,760,736,755,3900,755.0
2006-03-29,750,750,750,750,1600,750.0
2006-03-28,755,760,755,755,2900,755.0
2006-03-27,782,782,743,745,4800,745.0
2006-03-24,765,775,757,770,7400,770.0
2006-03-23,750,800,750,752,13500,752.5
2006-03-22,726,750,715,750,14700,750.0
2006-03-20,725,745,710,725,16300,725.0
2006-03-17,725,725,723,725,9300,725.0
2006-03-16,745,750,726,750,4400,750.0
2006-03-15,717,745,717,745,7800,745.0
2006-03-14,701,721,701,712,4000,712.5
2006-03-13,720,721,701,701,3800,701.25
2006-03-10,698,703,693,703,11100,703.75
2006-03-09,701,701,695,700,9900,700.0
2006-03-08,703,707,692,698,10400,698.75
2006-03-07,700,718,700,708,1900,708.75
2006-03-06,697,702,690,701,16100,701.25
2006-03-03,702,711,683,698,7900,698.75
2006-03-02,721,721,701,706,3600,706.25
2006-03-01,720,730,717,725,6100,725.0
2006-02-28,711,730,711,720,5400,720.0
2006-02-27,750,750,727,727,1700,727.5
2006-02-24,747,750,730,730,3600,730.0
2006-02-23,727,732,701,701,800,701.25
2006-02-22,705,747,705,747,4300,747.5
2006-02-21,725,725,722,725,3500,725.0
2006-02-20,708,737,708,737,1300,737.5
2006-02-17,725,737,722,737,5000,737.5
2006-02-16,728,750,728,748,3400,748.75
2006-02-15,752,757,735,750,2500,750.0
2006-02-14,750,750,718,725,3100,725.0
2006-02-13,782,782,762,770,4100,770.0
2006-02-10,797,797,767,787,6700,787.5
2006-02-09,810,810,785,797,9500,797.5
2006-02-08,800,800,797,797,4900,797.5
2006-02-07,770,810,770,800,8700,800.0
2006-02-06,785,802,765,802,9400,802.5
2006-02-03,765,787,762,785,13400,785.0
2006-02-02,748,765,747,765,10800,765.0
2006-02-01,726,737,725,737,10100,737.5
2006-01-31,723,730,721,728,3900,728.75
2006-01-30,725,730,716,722,3000,722.5
2006-01-27,715,727,715,727,3000,727.5
2006-01-26,725,730,718,725,13000,725.0
2006-01-25,760,760,725,728,3000,728.75
2006-01-24,710,730,710,728,7400,728.75
2006-01-23,712,732,712,713,4800,713.75
2006-01-20,750,755,722,722,10500,722.5
2006-01-19,725,755,725,750,10200,750.0
2006-01-18,752,752,667,750,9700,750.0
2006-01-17,762,800,760,760,9600,760.0
2006-01-16,837,850,805,812,18200,812.5
2006-01-13,752,800,752,800,28800,800.0
2006-01-12,747,760,747,752,15000,752.5
2006-01-11,750,750,745,745,4600,745.0
2006-01-10,750,755,740,747,12700,747.5
2006-01-06,733,752,725,752,31300,752.5
2006-01-05,745,745,723,737,12300,737.5
2006-01-04,747,747,725,735,5000,735.0
2005-12-30,711,725,710,717,7100,717.5
2005-12-29,701,725,701,710,12200,710.0
2005-12-28,715,721,700,700,5700,700.0
2005-12-27,725,725,708,722,11900,722.5
2005-12-26,718,725,702,722,11600,722.5
2005-12-22,702,717,695,698,9100,698.75
2005-12-21,707,712,705,708,2300,708.75
2005-12-20,703,727,702,711,3700,711.25
2005-12-19,723,723,712,723,900,723.75
2005-12-16,701,733,701,733,9900,733.75
2005-12-15,725,725,717,717,3400,717.5
2005-12-14,712,740,705,727,4700,727.5
