1,2015-10-30,522.12,515.25,523.75,515.12
1,2015-10-29,515.38,505.75,517.25,505.12
1,2015-10-28,505.88,507.63,508.75,500.12
1,2015-10-27,509.12,509.88,518.0,506.63
1,2015-10-26,509.38,493.62,512.0,493.62
1,2015-10-23,490.62,490.5,494.25,484.88
1,2015-10-22,490.88,494.75,500.5,490.62
1,2015-10-21,494.62,491.88,497.5,490.38
1,2015-10-20,490.62,486.38,491.62,483.62
1,2015-10-19,485.38,491.38,493.5,484.38
1,2015-10-16,492.38,502.63,505.88,489.88
1,2015-10-15,502.12,507.25,512.75,502.12
1,2015-10-14,508.38,518.38,519.75,507.63
1,2015-10-13,518.88,507.0,521.75,505.12
1,2015-10-12,506.88,507.38,510.62,503.38
1,2015-10-09,508.12,511.0,519.5,504.63
1,2015-10-08,511.12,516.0,522.0,509.38
1,2015-10-07,516.62,525.38,531.5,515.12
1,2015-10-06,525.88,514.62,526.62,513.12
1,2015-10-05,515.88,512.38,518.0,508.88
1,2015-10-02,512.62,516.75,523.0,512.62
1,2015-10-01,518.0,512.38,523.75,511.88
1,2015-09-30,512.25,503.38,515.5,498.38
1,2015-09-29,503.88,505.88,509.75,500.63
1,2015-09-28,506.12,508.5,515.5,500.38
1,2015-09-25,508.12,497.88,510.5,496.38
1,2015-09-24,497.13,506.0,509.0,496.88
1,2015-09-23,507.63,494.25,508.5,493.88
1,2015-09-22,495.38,496.38,496.5,488.38
1,2015-09-21,496.62,486.25,499.25,480.62
1,2015-09-18,486.63,481.63,489.0,480.12
1,2015-09-17,480.88,488.25,489.75,480.88
1,2015-09-16,488.88,494.13,495.0,483.12
1,2015-09-15,494.88,500.63,503.25,492.38
1,2015-09-14,501.38,486.38,501.62,485.88
1,2015-09-11,485.12,477.88,485.5,468.62
1,2015-09-10,478.12,472.25,479.5,471.5
1,2015-09-09,472.62,473.0,481.0,471.12
1,2015-09-08,475.12,469.13,476.62,469.13
1,2015-09-04,467.13,465.88,469.62,463.13
1,2015-09-03,464.88,479.25,479.38,464.88
1,2015-09-02,479.12,486.12,490.0,476.62
1,2015-09-01,485.62,484.12,491.5,482.12
1,2015-08-31,485.38,484.12,485.88,476.62
1,2015-08-28,477.62,484.88,487.75,476.13
1,2015-08-27,484.75,490.75,495.38,481.63
1,2015-08-26,491.0,498.38,499.88,488.38
1,2015-08-25,496.5,504.12,511.25,492.62
1,2015-08-24,504.25,498.12,504.38,487.5
1,2015-08-21,499.38,504.5,507.12,495.75
1,2015-08-20,504.12,495.75,507.63,495.5
1,2015-08-19,496.25,494.88,498.38,491.12
1,2015-08-18,495.5,500.0,503.38,493.38
1,2015-08-17,500.63,503.63,508.75,498.5
1,2015-08-14,505.88,503.12,512.0,497.88
1,2015-08-13,503.38,492.75,504.63,492.13
1,2015-08-12,493.75,507.38,514.62,484.12
1,2015-08-11,507.12,522.88,524.38,504.12
1,2015-08-10,523.62,511.88,529.88,509.38
1,2015-08-07,510.62,508.12,513.88,503.88
1,2015-08-06,507.12,502.12,514.12,498.38
1,2015-08-05,502.62,494.38,504.63,492.13
1,2015-08-04,493.75,499.75,506.88,491.38
1,2015-08-03,500.88,497.12,500.88,490.62
1,2015-07-31,498.12,497.13,503.38,495.88
1,2015-07-30,497.38,496.38,504.38,493.88
1,2015-07-29,496.0,511.75,512.38,495.88
1,2015-07-28,512.12,502.88,512.38,501.88
1,2015-07-27,502.12,510.62,511.63,501.38
1,2015-07-24,512.38,520.5,523.38,509.63
1,2015-07-23,522.5,516.62,526.62,516.62
1,2015-07-22,516.38,524.25,528.12,515.38
1,2015-07-21,523.88,533.5,537.62,523.88
1,2015-07-20,534.75,551.0,551.0,530.62
1,2015-07-17,554.25,560.75,561.25,546.25
1,2015-07-16,562.62,566.88,573.75,561.88
1,2015-07-15,567.12,568.88,569.38,558.88
1,2015-07-14,570.88,575.0,582.38,569.5
1,2015-07-13,575.5,574.25,576.62,567.0
1,2015-07-10,575.12,576.62,587.38,570.0
1,2015-07-09,577.38,576.38,586.12,575.38
1,2015-07-08,578.25,583.75,587.62,573.12
1,2015-07-07,584.38,592.88,593.12,578.38
1,2015-07-06,594.88,585.5,599.62,572.38
1,2015-07-03,588.25,588.25,588.25,588.25
1,2015-07-02,588.25,587.5,600.62,574.12
1,2015-07-01,587.25,614.25,615.0,576.12
1,2015-06-30,616.62,583.0,617.12,576.38
1,2015-06-29,584.12,565.5,591.38,564.12
1,2015-06-26,560.75,532.0,566.12,530.38
1,2015-06-25,532.38,517.75,532.62,513.12
1,2015-06-24,518.12,521.75,529.88,514.12
1,2015-06-23,522.62,501.88,522.62,501.88
1,2015-06-22,501.75,487.88,504.12,487.38
1,2015-06-19,488.88,487.75,492.25,483.62
1,2015-06-18,487.88,491.38,497.88,487.38
1,2015-06-17,491.62,490.13,499.62,489.62
1,2015-06-16,488.63,489.12,494.88,487.12
1,2015-06-15,488.88,503.25,503.25,486.12
1,2015-06-12,504.25,504.0,510.62,500.75
1,2015-06-11,505.12,513.88,515.25,502.75
1,2015-06-10,512.62,532.5,537.38,512.62
1,2015-06-09,532.75,527.25,537.12,524.12
1,2015-06-08,527.62,516.38,532.62,516.38
1,2015-06-05,517.0,523.5,533.88,516.25
1,2015-06-04,523.12,510.0,524.12,504.12
1,2015-06-03,509.12,513.38,525.88,508.38
1,2015-06-02,512.62,495.13,513.12,493.12
1,2015-06-01,494.75,478.0,495.38,474.13
1,2015-05-29,477.88,487.12,489.12,474.62
1,2015-05-28,487.38,488.5,494.62,483.12
1,2015-05-27,488.25,495.88,496.12,482.38
1,2015-05-26,492.62,515.75,519.38,492.13
1,2015-05-22,515.0,521.38,528.88,511.12
1,2015-05-21,520.5,514.12,527.88,511.12
1,2015-05-20,512.5,510.75,515.62,503.12
1,2015-05-19,510.62,520.12,524.62,503.88
1,2015-05-18,521.88,510.88,529.88,507.88
1,2015-05-15,510.75,515.0,519.62,506.12
1,2015-05-14,514.62,481.12,515.0,481.12
1,2015-05-13,481.63,480.88,486.12,471.12
1,2015-05-12,481.38,481.0,489.88,478.38
1,2015-05-11,481.63,482.88,484.12,476.38
1,2015-05-08,482.38,472.25,482.38,471.88
1,2015-05-07,472.62,480.38,483.88,471.38
1,2015-05-06,479.25,468.38,482.12,467.5
1,2015-05-05,466.75,470.88,472.62,461.12
1,2015-05-04,472.75,471.75,474.38,466.5
1,2015-05-01,473.88,476.13,479.12,468.62
1,2015-04-30,475.38,483.75,488.63,471.88
1,2015-04-29,483.88,476.5,483.88,474.13
1,2015-04-28,476.38,475.12,478.38,464.12
1,2015-04-27,473.88,488.38,490.38,472.62
1,2015-04-24,486.38,498.0,498.88,485.25
1,2015-04-23,498.12,499.75,503.38,497.62
1,2015-04-22,499.13,500.38,504.63,496.38
1,2015-04-21,500.5,498.38,506.38,494.38
1,2015-04-20,498.62,493.88,499.13,492.13
1,2015-04-17,493.12,494.0,499.75,490.88
1,2015-04-16,494.62,490.38,495.38,489.12
1,2015-04-15,490.62,497.62,503.88,490.13
1,2015-04-14,497.5,503.88,506.12,496.38
1,2015-04-13,502.38,518.12,519.88,501.62
1,2015-04-10,526.75,517.88,527.38,515.62
1,2015-04-09,518.88,525.25,526.62,513.88
1,2015-04-08,525.5,528.38,530.75,518.38
1,2015-04-07,526.88,525.88,533.88,517.88
1,2015-04-06,528.38,537.62,543.62,525.12
1,2015-04-02,533.88,527.75,544.12,522.62
1,2015-04-01,528.88,513.38,528.88,506.12
1,2015-03-31,512.88,531.38,531.5,509.12
1,2015-03-30,530.38,512.12,530.62,508.62
1,2015-03-27,507.75,499.13,508.88,499.13
1,2015-03-26,498.62,519.38,525.12,498.5
1,2015-03-25,518.88,523.12,527.88,516.12
1,2015-03-24,523.38,530.25,531.62,522.62
1,2015-03-23,534.62,533.75,540.38,531.88
1,2015-03-20,530.12,510.12,530.38,510.12
1,2015-03-19,511.38,516.0,519.88,505.38
1,2015-03-18,511.12,502.25,512.38,500.88
1,2015-03-17,503.62,516.0,517.88,503.12
1,2015-03-16,515.12,503.12,515.38,494.5
1,2015-03-13,501.25,507.63,513.38,498.88
1,2015-03-12,507.25,498.25,512.62,498.13
1,2015-03-11,498.62,494.13,502.12,493.88
1,2015-03-10,493.88,489.75,496.62,483.38
1,2015-03-09,490.13,484.25,494.88,484.12
1,2015-03-06,482.25,480.88,485.38,479.38
1,2015-03-05,480.62,496.12,496.38,480.38
1,2015-03-04,495.88,505.75,505.88,494.13
1,2015-03-03,504.38,501.5,506.88,493.12
1,2015-03-02,499.88,513.75,518.62,499.62
1,2015-02-27,512.0,500.5,517.62,498.12
1,2015-02-26,500.0,496.75,500.88,490.13
1,2015-02-25,497.13,503.0,505.62,495.13
1,2015-02-24,503.38,504.62,510.62,502.12
1,2015-02-23,503.62,507.38,510.38,502.38
1,2015-02-20,509.88,527.38,531.38,509.63
1,2015-02-19,527.62,528.38,537.12,523.62
1,2015-02-18,528.12,538.0,543.38,523.62
1,2015-02-17,535.0,534.75,546.62,531.88
1,2015-02-13,533.25,520.88,534.12,519.75
1,2015-02-12,520.38,523.62,527.5,518.38
1,2015-02-11,525.12,521.0,527.88,516.12
1,2015-02-10,520.88,527.88,530.75,518.75
1,2015-02-09,529.12,527.25,532.12,521.62
1,2015-02-06,527.38,526.12,533.88,516.62
1,2015-02-05,526.38,510.88,527.38,508.88
1,2015-02-04,512.12,514.38,521.62,507.63
1,2015-02-03,512.88,494.38,515.62,493.38
1,2015-02-02,492.88,502.25,505.38,492.38
1,2015-01-30,503.25,507.63,511.63,497.38
1,2015-01-29,507.75,505.62,512.12,501.0
1,2015-01-28,505.38,519.25,520.38,503.12
1,2015-01-27,518.88,520.12,524.0,517.62
1,2015-01-26,519.75,529.25,534.62,519.38
1,2015-01-23,529.25,532.88,535.88,526.88
1,2015-01-22,533.75,536.25,542.38,532.62
1,2015-01-21,535.88,537.38,544.38,535.62
1,2015-01-20,535.38,532.25,539.62,523.12
1,2015-01-16,531.38,536.25,541.88,531.38
1,2015-01-15,533.88,540.12,544.88,528.12
1,2015-01-14,538.12,548.5,549.62,536.12
1,2015-01-13,547.75,556.12,566.62,547.38
1,2015-01-12,555.25,564.0,566.38,554.88
1,2015-01-09,562.38,568.0,573.88,562.12
1,2015-01-08,567.38,580.5,580.5,566.0
1,2015-01-07,579.12,594.38,594.38,578.88
1,2015-01-06,592.12,587.75,603.5,586.38
1,2015-01-05,588.62,579.88,597.38,579.38
1,2015-01-02,581.12,589.38,589.38,574.88
1,2014-12-31,589.88,601.38,604.62,586.5
1,2014-12-30,603.25,614.75,615.38,601.12
1,2014-12-29,614.38,612.5,620.62,608.12
1,2014-12-28,609.25,609.25,609.25,609.25
1,2014-12-26,609.25,614.75,616.5,607.38
1,2014-12-24,610.38,636.0,639.62,606.88
1,2014-12-23,636.38,623.5,636.88,621.12
1,2014-12-22,624.88,629.75,644.5,621.12
1,2014-12-21,632.88,632.88,632.88,632.88
1,2014-12-19,632.88,653.62,654.25,629.5
1,2014-12-18,653.38,646.62,676.88,645.88
1,2014-12-17,648.88,623.75,649.88,617.12
1,2014-12-16,621.12,616.38,638.88,615.25
1,2014-12-15,618.0,606.25,622.62,599.88
1,2014-12-14,605.75,605.75,605.75,605.75
1,2014-12-12,605.75,596.62,613.12,593.62
1,2014-12-11,596.12,581.62,599.88,573.38
1,2014-12-10,582.12,585.0,585.0,575.38
1,2014-12-09,586.0,595.5,596.12,584.12
1,2014-12-08,596.38,593.12,605.62,588.12
1,2014-12-07,593.38,593.38,593.38,593.38
1,2014-12-05,593.38,589.12,595.38,582.12
1,2014-12-04,588.88,589.88,591.62,577.62
1,2014-12-03,589.62,603.88,606.38,585.38
1,2014-12-02,603.38,605.38,611.5,596.88
1,2014-12-01,607.12,576.88,607.62,570.38
1,2014-11-30,578.38,578.38,578.38,578.38
1,2014-11-28,578.38,559.25,580.62,558.38
1,2014-11-27,562.25,562.25,562.25,562.25
1,2014-11-26,562.25,558.0,565.38,555.62
1,2014-11-25,558.62,549.38,558.88,546.12
1,2014-11-24,549.12,553.38,556.88,548.62
1,2014-11-21,546.62,547.12,552.88,540.88
1,2014-11-20,547.12,537.0,547.88,532.12
1,2014-11-19,538.25,549.12,549.25,535.12
1,2014-11-18,549.38,552.12,553.0,544.38
1,2014-11-17,552.25,559.38,563.12,551.12
1,2014-11-14,560.62,552.88,564.62,549.12
1,2014-11-13,553.62,541.75,558.88,537.12
1,2014-11-12,541.62,524.5,545.62,522.88
1,2014-11-11,524.0,517.5,526.38,511.88
1,2014-11-10,519.12,514.12,523.75,511.38
1,2014-11-07,514.5,517.75,518.62,511.38
1,2014-11-06,520.38,524.88,527.88,520.12
1,2014-11-05,524.75,531.38,532.38,518.88
1,2014-11-04,532.12,537.88,538.62,529.12
1,2014-11-03,539.12,535.62,539.12,526.88
1,2014-10-31,531.25,535.12,538.88,523.12
1,2014-10-30,535.88,538.5,545.25,532.88
1,2014-10-29,538.62,530.88,540.38,527.75
1,2014-10-28,531.5,524.0,532.88,523.5
1,2014-10-27,523.5,515.88,526.38,510.62
1,2014-10-24,518.5,525.5,539.12,517.38
1,2014-10-23,526.5,520.88,530.38,519.25
1,2014-10-22,522.62,520.5,528.38,516.12
1,2014-10-21,519.75,513.88,523.62,512.5
1,2014-10-20,513.62,515.38,515.62,507.38
1,2014-10-17,515.88,517.88,522.12,512.88
1,2014-10-16,518.0,506.25,518.12,502.88
1,2014-10-15,507.75,509.88,516.0,501.62
1,2014-10-14,509.38,505.0,509.5,498.38
1,2014-10-13,505.12,498.38,506.12,495.62
1,2014-10-10,498.75,493.5,508.38,488.62
1,2014-10-09,493.38,508.12,508.12,492.12
1,2014-10-08,507.88,507.12,511.62,502.12
1,2014-10-07,506.88,490.88,509.38,489.38
1,2014-10-06,491.38,485.62,494.62,485.0
1,2014-10-03,486.12,483.38,488.88,478.12
1,2014-10-02,483.75,478.0,489.62,477.5
1,2014-10-01,478.62,477.62,483.62,469.62
1,2014-09-30,478.62,480.62,481.75,468.12
1,2014-09-29,480.88,470.88,482.38,470.75
1,2014-09-26,474.88,473.5,476.12,469.0
1,2014-09-25,474.25,480.12,483.5,466.38
1,2014-09-24,480.38,474.25,484.62,473.62
1,2014-09-23,475.75,476.75,479.38,471.12
1,2014-09-22,476.62,476.5,480.62,469.38
1,2014-09-19,474.0,487.88,488.12,473.88
1,2014-09-18,488.12,496.12,498.62,487.88
1,2014-09-17,499.38,495.88,501.12,494.12
1,2014-09-16,496.88,499.12,508.25,492.38
1,2014-09-15,500.38,501.25,503.88,496.12
1,2014-09-12,502.5,507.88,509.38,500.12
1,2014-09-11,509.12,518.12,519.0,502.88
1,2014-09-10,519.62,528.62,529.12,519.25
1,2014-09-09,528.88,533.38,533.38,523.62
1,2014-09-08,533.75,534.62,539.12,524.38
1,2014-09-05,535.38,531.38,541.5,528.38
1,2014-09-04,529.88,535.88,536.88,527.75
1,2014-09-03,535.38,555.0,556.12,535.12
1,2014-09-02,554.75,561.88,565.88,550.88
1,2014-08-29,563.38,570.38,578.62,561.38
1,2014-08-28,570.88,562.38,578.62,559.12
1,2014-08-27,561.38,555.0,562.88,550.88
1,2014-08-26,555.88,553.38,557.88,546.88
1,2014-08-25,555.62,559.88,564.88,552.62
1,2014-08-22,549.25,545.75,562.38,545.75
1,2014-08-21,546.5,539.62,549.62,536.88
1,2014-08-20,539.5,546.12,549.25,534.38
1,2014-08-19,546.62,540.75,555.88,536.25
1,2014-08-18,542.38,549.75,551.25,540.62
1,2014-08-15,551.62,535.88,555.88,533.62
1,2014-08-14,536.12,528.5,539.12,528.12
1,2014-08-13,527.38,538.5,544.38,527.38
1,2014-08-12,538.25,546.62,546.88,534.5
1,2014-08-11,546.75,548.38,556.38,542.88
1,2014-08-08,547.88,561.12,561.12,547.12
1,2014-08-07,561.62,567.62,567.88,558.62
1,2014-08-06,567.62,553.12,571.88,553.12
1,2014-08-05,552.12,543.88,554.12,538.12
1,2014-08-04,544.88,534.62,553.12,534.62
1,2014-08-03,533.75,533.75,533.75,533.75
1,2014-08-01,533.75,531.25,543.88,530.62
1,2014-07-31,530.38,526.38,536.12,523.5
1,2014-07-30,528.0,521.62,528.88,519.88
1,2014-07-29,520.62,534.38,535.5,518.62
1,2014-07-28,534.88,539.0,543.12,532.12
1,2014-07-25,537.62,528.88,538.38,526.62
1,2014-07-24,529.0,530.62,541.88,526.12
1,2014-07-23,529.88,524.38,530.88,521.62
1,2014-07-22,524.88,529.5,536.62,524.12
1,2014-07-21,530.25,530.12,531.12,523.88
1,2014-07-18,531.75,552.12,555.62,531.12
1,2014-07-17,551.25,537.88,561.38,530.88
1,2014-07-16,538.0,537.38,544.38,535.88
1,2014-07-15,538.25,537.88,539.38,530.62
1,2014-07-14,538.38,527.38,538.88,524.25
1,2014-07-11,525.88,547.5,549.62,525.12
1,2014-07-10,548.62,551.88,555.88,546.38
1,2014-07-09,551.25,556.12,558.0,547.75
1,2014-07-08,555.88,557.75,560.88,555.62
1,2014-07-07,558.25,579.5,584.25,556.12
1,2014-07-06,579.5,579.5,579.5,579.5
1,2014-07-03,579.5,576.38,580.62,572.12
1,2014-07-02,576.62,573.88,576.62,568.88
1,2014-07-01,573.12,578.62,580.88,569.38
1,2014-06-30,576.75,591.62,592.38,568.75
1,2014-06-27,592.88,584.62,597.38,583.88
1,2014-06-26,584.38,584.38,589.88,579.88
1,2014-06-25,584.12,580.12,584.62,577.12
1,2014-06-24,580.0,589.25,589.25,579.38
1,2014-06-23,589.12,594.62,600.88,587.38
1,2014-06-20,584.88,592.88,594.62,582.88
1,2014-06-19,593.88,586.25,595.88,585.88
1,2014-06-18,586.25,581.62,597.88,581.62
1,2014-06-17,581.5,581.5,584.62,576.88
1,2014-06-16,580.38,585.75,594.62,580.38
1,2014-06-13,585.12,585.88,594.38,583.62
1,2014-06-12,584.88,588.38,593.38,584.88
1,2014-06-11,588.88,602.12,608.38,588.62
1,2014-06-10,601.12,614.12,615.75,599.38
1,2014-06-09,614.25,617.12,626.12,607.62
1,2014-06-06,619.38,605.88,619.38,603.25
1,2014-06-05,605.12,614.38,617.25,605.12
1,2014-06-04,613.88,611.88,619.38,611.12
1,2014-06-03,612.12,621.62,623.88,611.12
1,2014-06-02,620.38,625.75,626.12,616.38
1,2014-05-30,628.12,633.5,636.62,625.62
1,2014-05-29,632.25,638.5,644.62,629.88
1,2014-05-28,638.62,638.38,641.62,633.12
1,2014-05-27,640.88,644.88,648.38,640.38
1,2014-05-23,651.88,660.38,663.38,651.38
1,2014-05-22,659.62,665.62,669.38,654.62
1,2014-05-21,663.38,668.38,675.62,663.38
1,2014-05-20,669.12,674.75,685.88,666.25
1,2014-05-19,675.12,671.5,677.62,663.88
1,2014-05-16,674.88,678.88,682.75,670.62
1,2014-05-15,677.88,690.88,690.88,676.88
1,2014-05-14,690.38,709.5,709.5,687.88
1,2014-05-13,709.62,713.88,715.12,704.12
1,2014-05-12,714.88,722.25,722.25,703.75
1,2014-05-11,722.75,722.75,722.75,722.75
1,2014-05-09,722.75,734.0,738.88,722.12
1,2014-05-08,734.62,735.0,737.62,727.88
1,2014-05-07,738.88,736.75,739.62,727.25
1,2014-05-06,738.62,732.62,743.88,723.88
1,2014-05-05,727.38,723.12,740.0,721.62
1,2014-05-02,716.0,709.5,720.62,706.12
1,2014-05-01,708.62,723.25,724.38,701.38
1,2014-04-30,721.5,715.25,724.62,710.75
1,2014-04-29,715.62,709.25,716.88,704.38
1,2014-04-28,708.88,708.88,716.88,697.38
1,2014-04-25,700.88,689.25,701.62,687.62
1,2014-04-24,690.38,676.88,695.62,671.62
1,2014-04-23,676.38,673.5,679.38,667.88
1,2014-04-22,672.38,668.38,677.0,662.5
1,2014-04-21,668.88,690.5,690.5,662.88
1,2014-04-17,690.25,687.62,701.38,686.38
1,2014-04-16,688.0,700.88,710.88,684.62
1,2014-04-15,701.62,677.5,702.62,673.88
1,2014-04-14,678.12,665.25,688.5,665.12
1,2014-04-11,659.12,663.25,666.5,656.62
1,2014-04-10,662.25,669.25,670.88,656.38
1,2014-04-09,668.25,681.75,687.88,664.12
1,2014-04-08,679.25,676.38,684.88,668.25
1,2014-04-07,676.62,670.5,679.38,665.62
1,2014-04-04,670.25,674.12,676.25,658.88
1,2014-04-03,675.25,669.25,677.38,666.62
1,2014-04-02,668.62,687.25,687.62,665.12
1,2014-04-01,685.38,695.88,697.62,683.62
1,2014-03-31,697.12,697.12,701.88,677.0
1,2014-03-28,695.12,707.88,708.25,693.62
1,2014-03-27,710.5,696.5,713.38,692.12
1,2014-03-26,697.38,708.88,711.62,694.88
1,2014-03-25,709.38,714.62,716.38,706.62
1,2014-03-24,713.38,692.5,718.12,687.25
1,2014-03-21,692.25,705.38,707.12,692.12
1,2014-03-20,706.38,714.62,722.88,694.38
1,2014-03-19,715.62,691.38,718.38,686.12
1,2014-03-18,691.88,676.25,693.38,672.5
1,2014-03-17,674.62,686.38,694.12,672.62
1,2014-03-14,686.62,672.62,690.88,669.88
1,2014-03-13,672.12,682.38,696.25,671.12
1,2014-03-12,684.12,658.5,684.38,652.12
1,2014-03-11,658.12,639.5,667.38,637.12
1,2014-03-10,639.62,654.88,656.38,639.25
1,2014-03-07,653.5,646.0,662.88,644.38
1,2014-03-06,646.62,640.88,648.88,636.38
1,2014-03-05,640.38,641.0,644.38,636.12
1,2014-03-04,643.25,632.0,644.62,621.12
1,2014-03-03,634.5,623.62,644.12,615.0
1,2014-02-28,600.38,590.25,604.88,590.12
1,2014-02-27,590.38,606.0,606.88,588.38
1,2014-02-26,605.38,617.38,618.38,605.12
1,2014-02-25,617.25,617.0,619.75,605.12
1,2014-02-24,617.25,602.5,617.38,600.75
1,2014-02-21,609.88,616.25,617.38,609.38
1,2014-02-20,615.88,618.88,620.75,611.62
1,2014-02-19,620.38,611.88,620.38,609.88
1,2014-02-18,612.12,599.25,613.12,598.88
1,2014-02-14,597.5,594.88,602.88,594.5
1,2014-02-13,594.5,586.38,596.62,585.38
1,2014-02-12,585.88,589.25,598.0,585.88
1,2014-02-11,589.12,585.12,590.88,582.88
1,2014-02-10,585.5,574.5,590.5,570.62
1,2014-02-07,577.75,582.12,585.88,567.38
1,2014-02-06,579.88,586.75,592.88,579.62
1,2014-02-05,587.0,584.38,588.62,579.12
1,2014-02-04,585.38,563.62,585.62,562.12
1,2014-02-03,563.88,554.88,564.12,554.12
1,2014-01-31,555.0,554.12,557.38,551.38
1,2014-01-30,553.75,552.0,556.62,550.38
1,2014-01-29,550.88,566.62,566.88,550.75
1,2014-01-28,565.88,564.12,568.88,564.12
1,2014-01-27,563.88,567.12,572.12,563.12
1,2014-01-24,566.25,571.12,573.12,562.62
1,2014-01-23,569.88,561.62,577.62,561.62
1,2014-01-22,561.12,562.62,566.62,560.88
1,2014-01-21,561.88,565.12,567.62,560.88
1,2014-01-17,562.88,572.88,574.25,562.88
1,2014-01-16,572.12,568.38,573.62,564.12
1,2014-01-15,567.38,579.5,579.62,566.88
1,2014-01-14,579.38,571.38,579.62,570.62
1,2014-01-13,572.88,571.75,575.88,570.12
1,2014-01-10,568.12,584.38,590.25,560.88
1,2014-01-09,584.5,588.12,590.75,578.38
1,2014-01-08,587.62,603.12,607.12,587.38
1,2014-01-07,602.38,606.38,609.88,601.88
1,2014-01-06,606.12,608.12,612.38,605.12
1,2014-01-03,606.62,596.88,608.88,596.38
1,2014-01-02,596.75,605.0,605.0,595.88
1,2014-01-01,605.12,605.12,605.12,605.12
1,2013-12-31,605.12,601.62,607.12,599.38
1,2013-12-30,600.12,608.0,609.0,600.12
1,2013-12-27,608.12,608.12,609.88,603.38
1,2013-12-26,605.75,606.38,606.62,600.88
1,2013-12-24,606.38,610.38,611.62,605.88
1,2013-12-23,609.25,614.5,615.12,608.38
1,2013-12-20,613.62,610.38,615.62,607.38
1,2013-12-19,610.12,614.88,621.12,610.12
1,2013-12-18,612.38,618.62,618.88,612.38
1,2013-12-17,618.88,622.38,626.62,618.88
1,2013-12-16,621.62,628.62,628.62,621.12
1,2013-12-13,629.12,633.38,634.88,626.88
1,2013-12-12,633.38,641.0,642.5,630.38
1,2013-12-11,641.12,639.88,643.38,635.38
1,2013-12-10,639.5,649.88,652.12,635.12
1,2013-12-09,650.5,651.62,657.12,649.38
1,2013-12-06,650.75,652.12,654.88,649.38
1,2013-12-05,651.62,662.62,662.88,650.62
1,2013-12-04,662.0,668.38,672.12,661.38
1,2013-12-03,668.88,663.88,669.12,662.12
1,2013-12-02,662.88,668.88,674.62,660.62
1,2013-11-29,668.25,668.5,670.62,665.12
1,2013-11-27,664.62,656.62,666.88,656.38
1,2013-11-26,655.75,659.0,660.62,653.38
1,2013-11-25,659.5,658.62,662.38,657.38
1,2013-11-24,656.25,656.25,656.25,656.25
1,2013-11-22,649.0,649.38,653.62,648.62
1,2013-11-21,648.62,647.88,653.38,647.38
1,2013-11-20,646.5,650.0,654.62,646.38
1,2013-11-19,650.0,642.75,651.12,642.75
1,2013-11-18,642.38,646.25,649.62,642.38
1,2013-11-15,643.75,646.0,648.38,642.88
1,2013-11-14,644.88,645.88,652.88,644.38
1,2013-11-13,645.25,646.38,648.88,643.62
1,2013-11-12,645.0,647.0,651.88,644.88
1,2013-11-11,646.25,651.12,659.38,646.0
1,2013-11-08,648.0,653.5,657.75,645.5
1,2013-11-07,653.38,654.0,657.12,652.38
1,2013-11-06,653.62,657.0,660.38,652.38
1,2013-11-05,656.5,662.62,665.12,655.25
1,2013-11-04,663.38,666.5,671.38,662.12
1,2013-11-01,667.12,667.75,672.12,664.62
1,2013-10-31,667.38,675.12,676.88,667.12
1,2013-10-30,674.12,684.88,686.0,674.12
1,2013-10-29,681.75,681.25,684.62,676.38
1,2013-10-28,680.88,688.88,691.12,680.88
1,2013-10-25,691.62,696.38,701.88,690.38
1,2013-10-24,696.5,701.25,707.88,696.12
1,2013-10-23,701.75,700.75,710.38,699.75
1,2013-10-22,700.62,699.12,704.12,696.12
1,2013-10-21,698.88,706.12,711.12,694.12
1,2013-10-18,705.25,686.38,706.38,686.12
1,2013-10-17,685.62,681.25,693.12,680.75
1,2013-10-16,681.12,686.12,687.88,678.38
1,2013-10-15,685.62,691.88,693.62,685.38
1,2013-10-14,691.88,691.62,696.12,686.38
1,2013-10-11,692.0,684.62,695.38,682.38
1,2013-10-10,685.0,691.12,695.62,684.12
1,2013-10-09,690.12,692.5,694.62,687.38
1,2013-10-08,693.12,694.12,699.62,688.12
1,2013-10-07,695.0,686.88,696.12,686.5
1,2013-10-04,686.62,688.75,692.62,684.38
1,2013-10-03,688.62,685.75,697.88,685.5
1,2013-10-02,686.0,681.0,689.62,678.0
1,2013-10-01,683.38,678.12,683.38,672.62
1,2013-09-30,679.12,681.0,694.0,676.88
1,2013-09-27,681.12,677.62,685.38,675.5
1,2013-09-26,678.62,670.12,678.88,668.62
1,2013-09-25,669.62,657.88,674.88,657.88
1,2013-09-24,657.62,653.75,659.88,649.62
1,2013-09-23,653.88,646.12,656.62,645.38
1,2013-09-20,645.88,656.62,659.12,643.88
1,2013-09-19,656.25,647.38,662.38,646.62
1,2013-09-18,645.5,642.38,647.88,642.0
1,2013-09-17,642.5,641.62,651.0,641.38
1,2013-09-16,640.88,641.12,648.62,638.62
1,2013-09-13,640.5,652.62,652.62,640.12
1,2013-09-12,652.88,648.12,654.12,637.5
1,2013-09-11,647.88,647.62,652.12,642.12
1,2013-09-10,646.25,641.5,648.12,640.12
1,2013-09-09,640.88,648.38,651.38,639.62
1,2013-09-06,647.62,639.12,652.88,638.25
1,2013-09-05,639.38,645.75,646.25,637.12
1,2013-09-04,646.38,647.25,647.25,640.12
1,2013-09-03,647.5,663.0,663.62,645.38
1,2013-08-30,654.88,654.12,658.62,650.38
1,2013-08-29,654.38,660.25,663.5,652.12
1,2013-08-28,660.38,665.12,669.38,658.62
1,2013-08-27,663.25,666.12,670.25,661.12
1,2013-08-26,667.12,651.88,676.38,651.62
1,2013-08-23,633.75,629.0,637.88,628.5
1,2013-08-22,630.5,640.38,640.38,629.88
1,2013-08-21,638.38,635.12,646.62,634.38
1,2013-08-20,634.5,641.38,643.75,634.12
1,2013-08-19,640.5,636.5,642.38,635.25
1,2013-08-16,631.5,637.75,641.12,626.62
1,2013-08-15,637.62,631.12,641.12,629.12
1,2013-08-14,630.38,626.62,631.75,623.12
1,2013-08-13,627.5,635.88,643.38,626.38
1,2013-08-12,635.25,633.25,644.88,630.12
1,2013-08-09,633.62,642.0,644.88,630.62
1,2013-08-08,641.12,642.5,647.88,640.0
1,2013-08-07,643.88,650.25,652.88,639.12
1,2013-08-06,650.0,646.12,651.0,642.38
1,2013-08-05,645.25,659.5,665.38,641.62
1,2013-08-02,660.25,657.75,667.12,656.5
1,2013-08-01,659.12,663.38,667.38,648.38
1,2013-07-31,663.62,654.38,665.5,653.62
1,2013-07-30,656.0,650.38,662.38,650.12
1,2013-07-29,651.12,650.38,655.88,648.62
1,2013-07-26,649.25,648.75,657.38,648.12
1,2013-07-25,648.38,652.62,656.38,648.12
1,2013-07-24,653.12,653.88,661.62,653.12
1,2013-07-23,654.62,659.25,659.38,650.62
1,2013-07-22,659.88,666.38,667.75,655.12
1,2013-07-19,663.88,660.88,669.88,658.12
1,2013-07-18,661.12,664.25,667.12,656.62
1,2013-07-17,665.25,669.5,674.0,664.12
1,2013-07-16,669.25,671.5,681.25,665.62
1,2013-07-15,669.5,677.12,677.62,667.62
1,2013-07-12,681.0,683.12,687.5,679.88
1,2013-07-11,682.38,679.12,692.88,676.0
1,2013-07-10,678.12,676.12,682.12,668.62
1,2013-07-09,676.38,662.88,682.62,662.5
1,2013-07-08,662.38,659.0,671.25,659.0
1,2013-07-05,659.88,670.88,672.38,659.38
1,2013-07-04,666.0,666.0,666.0,666.0
1,2013-07-03,666.0,658.12,671.38,658.12
1,2013-07-02,656.38,656.0,667.88,652.38
1,2013-07-01,656.62,655.5,663.75,652.88
1,2013-06-28,656.88,673.12,678.12,656.12
1,2013-06-27,672.88,677.0,683.12,672.88
1,2013-06-26,676.62,684.75,690.12,676.12
1,2013-06-25,685.12,687.88,694.62,684.88
1,2013-06-24,687.75,700.88,701.75,685.12
1,2013-06-21,697.88,700.38,704.38,696.12
1,2013-06-20,699.88,703.88,707.62,695.12
1,2013-06-19,705.12,684.5,710.62,682.62
1,2013-06-18,686.88,681.5,689.38,680.88
1,2013-06-17,683.38,677.88,688.62,674.75
1,2013-06-14,681.12,685.5,685.5,676.62
1,2013-06-13,685.62,683.38,686.62,675.12
1,2013-06-12,681.88,694.25,696.62,679.12
1,2013-06-11,696.12,690.12,699.62,686.88
1,2013-06-10,690.25,693.25,693.5,680.62
1,2013-06-07,696.25,696.88,703.12,694.38
1,2013-06-06,698.5,701.62,706.12,693.62
1,2013-06-05,701.38,710.5,712.38,701.12
1,2013-06-04,709.62,707.5,712.88,700.12
1,2013-06-03,709.38,707.75,714.38,692.62
1,2013-05-31,706.62,697.38,707.38,692.88
1,2013-05-30,697.88,699.12,702.25,687.62
1,2013-05-29,700.38,693.5,703.88,688.88
1,2013-05-28,693.5,697.88,704.88,687.88
1,2013-05-24,696.38,704.38,707.25,696.38
1,2013-05-23,705.0,687.62,708.88,687.12
1,2013-05-22,686.88,680.5,692.62,680.12
1,2013-05-21,679.88,683.38,684.12,674.12
1,2013-05-20,686.25,681.38,688.0,674.62
1,2013-05-17,682.62,688.38,689.62,680.62
1,2013-05-16,688.88,694.12,698.88,681.62
1,2013-05-15,693.88,710.88,711.12,692.62
1,2013-05-14,712.38,709.25,716.62,706.88
1,2013-05-13,709.38,701.88,718.62,701.62
1,2013-05-10,703.5,722.62,724.0,702.38
1,2013-05-09,724.12,704.88,727.5,702.88
1,2013-05-08,705.5,707.88,712.62,700.12
1,2013-05-07,707.62,704.5,710.38,698.38
1,2013-05-06,702.25,713.75,714.62,700.62
1,2013-05-03,721.75,727.62,734.88,716.62
1,2013-05-02,729.25,720.62,729.62,717.88
1,2013-05-01,719.62,731.5,731.5,713.38
1,2013-04-30,730.25,716.25,736.62,705.12
1,2013-04-29,715.25,696.5,719.62,695.38
1,2013-04-26,686.88,701.5,701.5,686.88
1,2013-04-25,701.62,690.5,705.38,690.5
1,2013-04-24,690.25,697.75,698.62,688.62
1,2013-04-23,697.88,702.88,703.5,690.38
1,2013-04-22,702.12,708.12,708.12,691.38
1,2013-04-19,708.38,703.62,711.38,697.62
1,2013-04-18,704.12,705.38,711.75,696.12
1,2013-04-17,703.38,703.75,715.38,698.62
1,2013-04-16,703.62,692.88,703.62,689.88
1,2013-04-15,692.62,715.0,715.0,688.62
1,2013-04-12,714.12,699.0,715.88,698.5
1,2013-04-11,698.5,697.38,705.62,693.75
1,2013-04-10,696.88,706.12,712.75,688.88
1,2013-04-09,707.25,713.12,714.12,704.38
1,2013-04-08,711.75,700.0,715.88,700.0
1,2013-04-05,699.38,692.38,700.38,689.38
1,2013-04-04,692.5,701.75,701.88,684.62
1,2013-04-03,701.88,674.0,705.38,670.88
1,2013-04-02,674.38,667.38,676.25,664.62
1,2013-04-01,667.38,684.88,685.0,660.25
1,2013-03-31,684.5,682.88,688.0,681.25
1,2013-03-28,688.25,735.88,741.38,682.88
1,2013-03-27,736.0,729.5,740.62,728.75
1,2013-03-26,729.62,726.38,732.5,723.62
1,2013-03-25,726.12,729.88,730.38,722.62
1,2013-03-24,730.0,729.62,730.12,728.38
1,2013-03-22,729.38,728.5,731.38,715.62
1,2013-03-21,728.38,733.5,736.38,726.25
1,2013-03-20,733.62,727.25,736.62,723.12
1,2013-03-19,727.38,714.38,727.62,709.38
1,2013-03-18,714.12,716.38,719.25,705.75
1,2013-03-17,716.62,720.75,721.38,716.0
1,2013-03-15,723.12,724.62,724.88,717.62
1,2013-03-14,724.88,711.88,725.38,707.88
1,2013-03-13,712.25,702.88,712.75,697.25
1,2013-03-12,703.0,700.88,706.38,695.75
1,2013-03-11,700.75,699.25,707.88,695.12
1,2013-03-10,699.38,696.0,699.75,695.12
1,2013-03-08,696.38,695.38,702.0,687.5
1,2013-03-07,695.62,683.12,696.38,681.62
1,2013-03-06,683.25,705.38,706.88,681.25
1,2013-03-05,705.25,703.38,708.62,701.12
1,2013-03-04,703.5,719.12,722.38,697.88
1,2013-03-03,719.0,721.12,721.62,718.62
1,2013-03-01,720.38,716.5,726.38,708.12
1,2013-02-28,716.38,712.12,722.88,711.12
1,2013-02-27,712.0,712.5,721.88,710.12
1,2013-02-26,711.88,705.75,711.88,698.12
1,2013-02-25,705.88,720.38,722.12,704.12
1,2013-02-24,720.12,718.25,720.88,715.88
1,2013-02-22,713.88,722.62,729.62,713.88
1,2013-02-21,723.0,736.75,737.38,719.62
1,2013-02-20,736.88,732.62,740.62,727.88
1,2013-02-19,732.75,746.62,747.38,726.38
1,2013-02-15,742.0,734.62,744.38,733.88
1,2013-02-14,734.38,737.62,740.62,725.12
1,2013-02-13,737.75,734.38,737.75,722.88
1,2013-02-12,734.25,741.75,744.12,725.62
1,2013-02-11,741.88,757.62,757.62,740.88
1,2013-02-10,757.88,757.0,759.0,753.5
1,2013-02-08,756.12,756.62,770.62,753.12
1,2013-02-07,756.75,759.88,764.25,752.88
1,2013-02-06,759.75,757.75,763.88,746.62
1,2013-02-05,757.62,765.5,766.12,751.12
1,2013-02-04,765.38,766.12,773.38,761.12
1,2013-02-03,765.88,768.25,768.38,764.25
1,2013-02-01,766.12,781.5,789.88,764.62
1,2013-01-31,781.62,787.12,790.88,773.88
1,2013-01-30,786.75,773.75,788.88,771.88
1,2013-01-29,773.88,778.25,784.88,773.75
1,2013-01-28,778.38,779.62,782.88,770.88
1,2013-01-27,779.5,778.62,780.38,777.38
1,2013-01-25,775.88,771.25,780.62,764.38
1,2013-01-24,771.38,772.62,774.88,763.12
1,2013-01-23,772.88,776.12,784.88,771.12
1,2013-01-22,776.38,794.88,799.62,776.12
1,2013-01-20,790.5,790.5,790.5,790.5
1,2013-01-18,790.5,785.5,793.62,778.88
1,2013-01-17,785.38,786.62,787.88,776.38
1,2013-01-16,786.75,783.25,790.62,777.12
1,2013-01-15,783.38,769.88,789.38,769.12
1,2013-01-14,770.25,767.62,776.62,763.5
1,2013-01-13,767.5,761.75,767.5,760.88
1,2013-01-11,757.88,745.88,771.75,736.38
1,2013-01-10,746.0,749.75,756.12,744.12
1,2013-01-09,749.62,751.0,756.88,745.12
1,2013-01-08,750.88,752.12,759.12,749.62
1,2013-01-07,752.25,748.12,760.25,743.62
1,2013-01-06,748.25,749.5,749.5,746.5
1,2013-01-04,748.88,754.38,757.62,739.88
1,2013-01-03,754.25,758.75,761.12,750.25
1,2013-01-02,758.88,786.88,787.38,752.62
1,2012-12-31,778.5,775.12,779.88,767.88
1,2012-12-30,775.0,778.62,778.62,774.62
1,2012-12-28,778.38,777.0,784.38,767.12
1,2012-12-27,776.88,775.75,777.62,764.62
1,2012-12-26,775.88,794.12,794.88,773.88
1,2012-12-24,794.12,794.62,796.12,791.38
1,2012-12-23,794.5,794.25,796.12,793.75
1,2012-12-21,791.88,792.38,798.62,789.88
1,2012-12-20,792.25,806.75,808.38,782.88
1,2012-12-19,807.12,813.5,822.62,802.12
1,2012-12-18,813.38,812.88,816.38,801.62
1,2012-12-17,812.62,814.62,818.25,805.12
1,2012-12-16,814.88,815.88,818.62,813.38
1,2012-12-14,813.88,808.12,817.38,806.12
1,2012-12-13,808.0,812.75,817.62,801.62
1,2012-12-12,812.88,824.0,825.38,809.12
1,2012-12-11,823.88,848.12,848.62,816.12
1,2012-12-10,847.88,857.88,861.88,846.88
1,2012-12-09,857.62,861.5,861.88,857.0
1,2012-12-07,860.0,860.38,864.62,853.12
1,2012-12-06,860.5,860.5,864.13,853.12
1,2012-12-05,860.62,858.38,863.38,852.62
1,2012-12-04,858.25,861.5,864.88,851.88
1,2012-12-03,861.25,869.38,877.12,858.38
1,2012-12-02,863.5,863.5,863.5,863.5
1,2012-11-30,863.5,885.38,885.5,862.63
1,2012-11-29,885.5,887.0,894.88,880.88
1,2012-11-28,886.88,886.12,895.12,879.88
1,2012-11-27,886.0,864.38,888.88,864.38
1,2012-11-26,864.5,859.88,868.75,859.5
1,2012-11-25,859.75,863.12,863.12,858.5
1,2012-11-23,847.13,850.0,853.12,846.13
1,2012-11-21,845.12,843.75,849.38,841.12
1,2012-11-20,843.88,843.62,849.62,837.5
1,2012-11-19,843.38,837.88,847.88,836.88
1,2012-11-18,837.62,836.25,838.75,835.88
1,2012-11-16,837.12,846.13,849.62,829.62
1,2012-11-15,846.0,847.5,856.38,843.5
1,2012-11-14,847.62,854.62,857.88,845.88
1,2012-11-13,854.25,858.88,864.38,843.62
1,2012-11-12,858.63,883.75,884.75,855.12
1,2012-11-11,883.88,885.75,885.88,882.62
1,2012-11-09,887.25,900.75,911.62,884.12
1,2012-11-08,900.62,889.62,904.88,886.88
1,2012-11-07,889.38,876.38,896.62,870.75
1,2012-11-06,876.13,872.12,879.62,870.25
1,2012-11-05,872.0,867.88,875.62,863.63
1,2012-11-04,867.75,865.38,868.5,863.38
1,2012-11-02,866.25,865.12,873.62,859.25
1,2012-11-01,865.25,867.38,877.38,861.62
1,2012-10-31,866.88,860.0,874.12,859.5
1,2012-10-30,860.12,857.5,866.38,852.88
1,2012-10-29,857.75,861.38,871.25,857.12
1,2012-10-28,861.25,863.88,864.25,860.88
1,2012-10-26,864.0,874.88,878.12,863.38
1,2012-10-25,874.75,879.13,888.63,871.38
1,2012-10-24,878.38,867.5,894.75,865.75
1,2012-10-23,867.38,877.0,878.12,860.12
1,2012-10-22,877.12,873.88,884.38,871.38
1,2012-10-21,873.88,873.38,876.25,871.62
1,2012-10-19,871.13,868.38,885.25,866.38
1,2012-10-18,868.5,856.38,875.88,855.75
1,2012-10-17,856.25,846.38,857.62,845.63
1,2012-10-16,846.5,856.0,857.5,843.88
1,2012-10-15,856.12,852.62,857.25,841.63
1,2012-10-14,852.88,856.88,860.12,852.12
1,2012-10-12,856.88,882.25,884.38,853.38
1,2012-10-11,882.38,868.62,893.88,859.5
1,2012-10-10,868.75,864.38,876.63,863.63
1,2012-10-09,864.25,862.88,873.62,862.75
1,2012-10-08,862.5,858.63,867.12,856.75
1,2012-10-07,858.88,856.88,859.25,855.38
1,2012-10-05,856.88,872.13,872.62,856.62
1,2012-10-04,872.25,870.25,882.62,867.0
1,2012-10-03,870.38,867.75,878.38,858.13
1,2012-10-02,867.62,880.12,882.38,864.0
1,2012-10-01,880.25,895.5,901.0,872.38
1,2012-09-30,895.63,902.12,904.13,892.12
1,2012-09-28,899.38,855.75,906.5,850.75
1,2012-09-27,855.88,872.75,875.5,849.38
1,2012-09-26,872.88,887.63,888.75,866.63
1,2012-09-25,887.75,886.38,897.38,880.88
1,2012-09-24,886.25,902.75,904.38,883.63
1,2012-09-23,902.62,896.25,906.88,896.25
1,2012-09-21,898.88,881.38,898.88,880.62
1,2012-09-20,880.75,884.88,893.62,869.12
1,2012-09-19,885.0,867.5,885.88,866.63
1,2012-09-18,866.75,883.88,887.63,860.88
1,2012-09-17,883.63,916.25,918.38,876.38
1,2012-09-16,916.12,921.75,926.63,915.12
1,2012-09-14,925.88,901.5,930.63,898.75
1,2012-09-13,901.38,890.0,904.88,885.75
1,2012-09-12,889.88,884.0,893.38,869.0
1,2012-09-11,883.88,888.25,898.12,882.38
1,2012-09-10,888.5,908.75,917.38,885.38
1,2012-09-09,908.63,902.75,909.88,901.38
1,2012-09-07,905.5,890.62,912.38,884.88
1,2012-09-06,890.75,867.75,894.38,867.62
1,2012-09-05,867.88,886.38,887.12,865.62
1,2012-09-04,886.5,892.0,903.88,881.12
1,2012-08-31,888.63,903.38,905.88,881.12
1,2012-08-30,903.5,902.38,914.5,897.38
1,2012-08-29,902.25,876.0,908.13,874.13
1,2012-08-28,875.88,878.62,888.88,871.5
1,2012-08-27,878.75,892.25,899.12,878.75
1,2012-08-26,892.0,893.25,893.62,887.12
1,2012-08-24,867.38,874.25,885.75,866.12
1,2012-08-23,874.38,895.62,903.25,871.62
1,2012-08-22,895.5,897.5,898.62,889.62
1,2012-08-21,896.88,879.25,904.62,878.25
1,2012-08-20,879.38,872.38,883.38,867.12
1,2012-08-19,872.25,873.75,876.75,871.5
1,2012-08-17,873.88,863.62,879.75,863.12
1,2012-08-16,863.75,847.0,868.88,841.12
1,2012-08-15,846.75,845.5,850.62,840.62
1,2012-08-14,845.62,859.5,865.88,838.75
1,2012-08-13,859.38,880.5,882.88,855.0
1,2012-08-12,880.75,883.25,885.12,879.0
1,2012-08-10,887.0,915.12,930.88,880.88
1,2012-08-09,915.25,899.88,919.25,899.25
1,2012-08-08,899.75,887.12,902.12,869.5
1,2012-08-07,887.5,892.0,904.62,883.63
1,2012-08-06,891.88,884.75,897.0,879.62
1,2012-08-05,885.12,884.25,888.38,876.88
1,2012-08-03,891.12,861.62,906.88,860.75
1,2012-08-02,861.5,881.5,883.38,856.12
1,2012-08-01,881.62,893.25,897.0,861.88
1,2012-07-31,892.62,911.12,919.38,886.38
1,2012-07-30,911.0,909.75,919.62,905.88
1,2012-07-29,909.88,908.13,912.88,903.12
1,2012-07-27,898.75,880.12,910.88,879.62
1,2012-07-26,879.88,892.88,904.13,873.88
1,2012-07-25,893.0,863.62,908.75,863.25
1,2012-07-24,863.38,891.75,902.63,852.88
1,2012-07-23,891.88,932.13,933.5,889.5
1,2012-07-22,932.25,942.0,942.0,926.12
1,2012-07-20,943.88,932.75,944.5,917.0
1,2012-07-19,932.63,898.88,937.88,896.75
1,2012-07-18,898.38,883.62,907.38,865.75
1,2012-07-17,883.75,895.75,898.12,867.75
1,2012-07-16,896.12,867.0,897.38,864.5
1,2012-07-15,866.88,858.0,867.88,856.5
1,2012-07-13,846.62,845.25,865.5,845.0
1,2012-07-12,845.5,829.25,857.75,820.38
1,2012-07-11,829.38,822.62,848.38,803.62
1,2012-07-10,822.5,817.62,833.12,807.0
1,2012-07-09,817.75,821.38,844.62,815.62
1,2012-07-08,821.5,818.38,823.75,815.88
1,2012-07-06,807.12,827.88,831.62,804.12
1,2012-07-05,828.0,814.62,840.38,809.62
1,2012-07-03,799.12,775.38,800.38,774.38
1,2012-07-02,775.5,773.5,779.25,756.38
1,2012-07-01,773.38,758.88,773.88,758.88
1,2012-06-29,758.88,742.25,761.62,740.62
1,2012-06-28,742.38,747.75,757.12,741.88
1,2012-06-27,747.88,742.12,763.38,739.38
1,2012-06-26,741.88,747.12,751.62,725.62
1,2012-06-25,747.0,702.5,755.12,702.38
1,2012-06-24,702.62,696.5,706.0,696.5
1,2012-06-22,674.62,658.62,684.62,658.38
1,2012-06-21,658.5,658.38,681.5,655.12
1,2012-06-20,658.62,649.75,664.38,641.0
1,2012-06-19,649.62,631.38,651.12,631.38
1,2012-06-18,631.5,615.38,633.88,613.25
1,2012-06-17,615.5,613.25,615.62,613.25
1,2012-06-15,613.88,621.38,626.62,607.75
1,2012-06-14,621.25,619.25,628.88,616.38
1,2012-06-13,619.12,618.0,623.62,614.88
1,2012-06-12,617.88,627.12,638.75,613.38
1,2012-06-11,627.25,630.12,642.12,627.12
1,2012-06-10,630.0,631.25,634.12,629.88
1,2012-06-08,630.12,635.38,638.62,627.88
1,2012-06-07,635.25,625.75,644.38,620.38
1,2012-06-06,625.62,615.75,628.62,614.25
1,2012-06-05,615.62,628.0,630.88,612.12
1,2012-06-04,628.25,613.62,631.12,613.38
1,2012-06-03,613.5,615.88,616.0,613.38
1,2012-06-01,613.25,645.38,646.25,611.25
1,2012-05-31,645.62,652.38,653.75,643.12
1,2012-05-30,652.25,660.12,660.88,644.38
1,2012-05-29,660.25,674.0,683.75,655.88
1,2012-05-25,679.88,665.25,687.0,661.88
1,2012-05-24,665.38,669.62,675.88,661.88
1,2012-05-23,669.88,684.12,684.12,663.62
1,2012-05-22,683.88,697.38,701.88,682.12
1,2012-05-21,697.5,703.62,721.38,683.12
1,2012-05-20,703.88,703.25,703.88,702.88
1,2012-05-18,694.88,657.75,697.12,652.62
1,2012-05-17,657.62,639.0,658.25,639.0
1,2012-05-16,638.88,609.0,640.12,604.12
1,2012-05-15,609.12,598.62,616.88,598.62
1,2012-05-14,598.38,598.62,601.88,592.38
1,2012-05-13,598.75,599.12,600.88,598.62
1,2012-05-11,596.62,600.62,603.62,592.38
1,2012-05-10,600.88,602.5,607.38,595.62
1,2012-05-09,602.38,617.12,617.38,598.62
1,2012-05-08,617.25,611.62,620.75,611.62
1,2012-05-07,611.88,609.12,613.88,600.88
1,2012-05-06,608.88,608.25,609.38,607.75
1,2012-05-04,608.88,618.25,620.62,599.62
1,2012-05-03,618.12,616.0,621.62,613.38
1,2012-05-02,616.12,640.25,640.88,612.5
1,2012-05-01,640.0,652.5,653.38,638.88
1,2012-04-30,652.62,648.75,655.38,640.38
1,2012-04-29,648.88,647.5,651.38,647.5
1,2012-04-27,649.38,636.12,654.88,632.75
1,2012-04-26,636.0,627.12,636.62,624.62
1,2012-04-25,627.25,638.88,642.5,624.12
1,2012-04-24,638.75,632.88,646.62,631.38
1,2012-04-23,633.0,622.38,634.88,621.5
1,2012-04-22,622.25,623.25,623.62,621.38
1,2012-04-20,616.88,626.0,627.88,614.62
1,2012-04-19,625.88,613.62,628.12,613.38
1,2012-04-18,613.88,616.0,618.5,604.25
1,2012-04-17,616.12,618.62,626.88,615.12
1,2012-04-16,618.75,620.38,625.38,615.12
1,2012-04-15,620.25,623.25,623.25,619.5
1,2012-04-13,622.88,640.0,643.12,618.62
1,2012-04-12,639.88,629.75,645.38,629.12
1,2012-04-11,629.88,622.88,633.62,619.88
1,2012-04-10,622.75,641.5,651.62,622.62
1,2012-04-09,641.38,641.75,648.88,636.88
1,2012-04-08,641.62,636.62,642.62,636.62
1,2012-04-05,638.62,641.5,649.62,636.12
1,2012-04-04,641.25,658.25,658.25,635.62
1,2012-04-03,658.38,653.75,658.88,650.12
1,2012-04-02,653.88,663.38,664.12,649.38
1,2012-04-01,663.5,662.88,665.62,662.0
1,2012-03-30,658.88,616.75,668.62,613.62
1,2012-03-29,616.62,633.38,635.12,611.5
1,2012-03-28,633.25,640.75,646.12,630.12
1,2012-03-27,640.88,658.88,663.38,638.88
1,2012-03-26,658.75,650.12,670.38,650.12
1,2012-03-25,650.25,654.88,655.25,650.12
1,2012-03-23,654.62,648.88,654.88,646.38
1,2012-03-22,648.75,640.62,650.38,631.38
1,2012-03-21,640.75,642.88,647.25,635.62
1,2012-03-20,642.75,652.12,652.38,640.12
1,2012-03-19,652.25,674.38,674.88,651.62
1,2012-03-18,674.5,670.88,675.12,670.12
1,2012-03-16,672.12,663.5,672.62,660.25
1,2012-03-15,663.62,646.12,665.38,643.38
1,2012-03-14,646.25,649.75,650.88,640.88
1,2012-03-13,649.5,651.38,657.38,645.25
1,2012-03-12,651.12,639.12,653.12,638.75
1,2012-03-11,639.25,643.12,643.12,638.25
1,2012-03-09,640.88,635.38,649.88,634.38
1,2012-03-08,634.62,640.75,647.5,633.62
1,2012-03-07,638.62,658.62,658.62,636.38
1,2012-03-06,657.12,671.38,671.5,655.38
1,2012-03-05,670.88,673.5,677.5,667.88
1,2012-03-02,672.25,663.38,675.38,657.75
1,2012-03-01,663.0,666.62,672.62,658.88
1,2012-02-29,667.88,666.25,674.38,660.38
1,2012-02-28,667.38,651.75,668.88,649.62
1,2012-02-27,653.75,643.12,653.75,633.38
1,2012-02-24,642.25,641.88,643.38,632.62
1,2012-02-23,640.88,644.12,645.62,635.38
1,2012-02-22,644.88,632.75,645.75,628.62
1,2012-02-21,633.62,648.12,648.12,623.88
1,2012-02-17,644.12,626.62,646.62,626.0
1,2012-02-16,627.12,627.75,632.38,621.12
1,2012-02-15,626.12,635.12,640.12,624.38
1,2012-02-14,634.25,640.75,642.88,632.62
1,2012-02-13,641.88,635.12,642.12,631.38
1,2012-02-10,629.88,645.12,645.62,628.62
1,2012-02-09,645.38,660.88,664.75,641.88
1,2012-02-08,661.12,662.12,669.62,653.12
1,2012-02-07,661.12,669.12,671.88,655.38
1,2012-02-06,668.62,660.25,668.88,656.75
1,2012-02-03,660.38,663.38,670.75,653.88
1,2012-02-02,661.62,674.5,674.5,657.38
1,2012-02-01,674.62,666.75,683.25,666.62
1,2012-01-31,666.62,645.25,667.38,644.88
1,2012-01-30,643.88,646.62,653.88,635.38
1,2012-01-27,647.25,652.75,656.38,645.38
1,2012-01-26,653.12,640.88,658.0,639.88
1,2012-01-25,641.62,632.88,648.75,629.62
1,2012-01-24,633.62,619.88,637.88,614.12
1,2012-01-23,619.62,613.62,620.5,613.62
1,2012-01-20,610.62,605.12,611.75,597.12
1,2012-01-19,606.12,592.38,606.38,591.88
1,2012-01-18,592.12,605.75,606.25,590.12
1,2012-01-17,604.88,603.38,611.75,601.62
1,2012-01-13,601.62,603.88,609.88,599.12
1,2012-01-12,605.88,641.38,648.62,592.0
1,2012-01-11,643.25,639.12,643.25,632.5
1,2012-01-10,639.62,640.62,644.62,634.38
1,2012-01-09,642.38,625.75,644.88,625.25
1,2012-01-06,624.62,629.38,636.88,624.62
1,2012-01-05,627.38,649.12,650.12,627.12
1,2012-01-04,650.12,656.38,661.12,645.62
1,2012-01-03,658.38,665.88,670.5,654.0
1,2012-01-02,653.12,653.12,653.12,653.12
1,2011-12-30,653.12,644.38,654.38,642.62
1,2011-12-29,645.12,649.38,654.38,641.88
1,2011-12-28,650.62,643.62,655.75,641.5
1,2011-12-27,643.62,629.12,646.88,628.88
1,2011-12-26,621.75,621.75,621.75,621.75
1,2011-12-25,621.75,621.75,621.75,621.75
1,2011-12-23,622.0,620.62,627.62,618.62
1,2011-12-22,621.5,617.12,625.62,611.5
1,2011-12-21,617.75,606.62,617.88,600.62
1,2011-12-20,606.88,599.5,608.62,595.75
1,2011-12-19,600.88,585.88,603.12,581.88
1,2011-12-16,583.12,578.75,587.38,577.25
1,2011-12-15,578.38,582.62,587.75,578.38
1,2011-12-14,581.5,600.38,602.62,579.62
1,2011-12-13,601.62,594.12,608.88,593.38
1,2011-12-12,593.88,593.88,601.62,587.5
1,2011-12-11,595.5,595.5,595.5,595.5
1,2011-12-09,596.12,595.38,599.25,584.12
1,2011-12-08,595.88,600.0,602.88,591.25
1,2011-12-07,600.38,612.38,615.38,598.88
1,2011-12-06,612.38,611.38,616.88,600.38
1,2011-12-05,611.88,627.38,631.5,607.62
1,2011-12-02,626.62,616.0,631.25,611.88
1,2011-12-01,614.38,615.0,624.88,605.88
1,2011-11-30,614.88,613.88,629.0,607.38
1,2011-11-29,614.88,592.5,618.88,591.12
1,2011-11-28,592.88,595.12,603.38,590.12
1,2011-11-25,574.0,578.25,586.12,572.5
1,2011-11-23,579.75,594.25,595.75,577.38
1,2011-11-22,594.12,592.38,597.0,586.12
1,2011-11-21,591.88,598.62,601.62,584.62
1,2011-11-18,596.62,593.25,602.38,586.62
1,2011-11-17,591.88,616.12,617.62,590.62
1,2011-11-16,617.12,631.62,639.5,615.12
1,2011-11-15,632.0,616.0,634.12,612.38
1,2011-11-14,614.62,616.88,622.0,610.5
1,2011-11-11,618.0,619.75,625.62,609.62
1,2011-11-10,621.38,641.62,648.5,618.88
1,2011-11-09,642.62,655.62,657.62,633.75
1,2011-11-08,658.12,639.0,659.12,636.75
1,2011-11-07,639.0,638.88,640.62,630.12
1,2011-11-04,635.38,634.88,639.88,623.5
1,2011-11-03,634.62,623.75,644.12,620.25
1,2011-11-02,624.38,625.88,638.12,620.38
1,2011-11-01,626.12,629.62,633.75,612.5
1,2011-10-31,629.25,647.5,647.88,619.5
1,2011-10-30,647.62,644.75,647.88,644.75
1,2011-10-28,646.12,643.25,652.62,636.38
1,2011-10-27,642.62,621.5,647.62,621.5
1,2011-10-26,621.38,636.0,643.38,616.62
1,2011-10-25,635.38,642.38,646.88,634.25
1,2011-10-24,642.38,633.25,646.88,632.62
1,2011-10-23,633.75,631.88,633.75,630.75
1,2011-10-21,630.62,631.5,649.62,628.38
1,2011-10-20,630.88,616.88,632.88,613.75
1,2011-10-19,617.0,629.75,636.88,616.75
1,2011-10-18,629.62,624.62,630.88,613.12
1,2011-10-17,624.88,622.25,634.12,620.12
1,2011-10-16,621.38,623.88,626.38,621.38
1,2011-10-14,623.88,622.12,632.88,612.5
1,2011-10-13,621.75,624.12,630.38,605.5
1,2011-10-12,623.88,658.12,662.5,620.12
1,2011-10-11,657.5,614.75,665.12,612.5
1,2011-10-10,614.62,612.62,628.62,610.62
1,2011-10-09,612.12,607.62,613.12,606.62
1,2011-10-07,608.88,615.25,622.88,606.38
1,2011-10-06,615.12,626.5,639.38,613.5
1,2011-10-05,626.38,611.0,628.62,607.38
1,2011-10-04,611.12,615.75,620.62,597.0
1,2011-10-03,615.88,612.25,622.75,596.88
1,2011-10-02,612.38,609.12,613.75,608.62
1,2011-09-30,606.0,658.62,661.25,605.38
1,2011-09-29,658.5,632.75,661.38,627.38
1,2011-09-28,632.75,651.75,657.38,632.75
1,2011-09-27,652.38,654.62,669.62,650.38
1,2011-09-26,654.5,644.75,655.25,624.88
1,2011-09-25,646.12,646.38,647.62,643.88
1,2011-09-23,642.62,637.75,649.38,634.12
1,2011-09-22,637.62,662.62,662.62,632.62
1,2011-09-21,662.12,673.38,682.62,661.0
1,2011-09-20,673.12,676.38,687.62,672.25
1,2011-09-19,676.62,688.62,688.62,667.12
1,2011-09-18,688.5,688.38,691.0,687.0
1,2011-09-16,693.38,698.38,705.0,689.75
1,2011-09-15,697.75,704.75,704.88,686.25
1,2011-09-14,704.0,703.75,712.5,698.12
1,2011-09-13,703.88,730.88,731.88,696.25
1,2011-09-12,731.62,727.75,734.88,711.62
1,2011-09-11,728.0,730.12,730.12,726.62
1,2011-09-09,729.12,738.25,742.12,727.12
1,2011-09-08,738.12,753.0,753.62,733.62
1,2011-09-07,753.5,763.62,772.75,748.12
1,2011-09-06,763.62,765.88,770.25,750.12
1,2011-09-05,765.62,776.62,776.62,762.88
1,2011-09-02,775.88,765.12,777.88,758.12
1,2011-09-01,765.12,787.88,789.12,758.38
1,2011-08-31,788.12,786.0,793.88,775.38
1,2011-08-30,785.88,789.62,795.5,781.38
1,2011-08-29,789.75,770.25,805.62,765.25
1,2011-08-28,770.62,761.75,770.62,761.75
1,2011-08-26,762.0,753.5,768.62,747.38
1,2011-08-25,754.38,746.38,763.88,735.88
1,2011-08-24,746.62,755.0,763.88,745.38
1,2011-08-23,755.0,737.38,758.75,737.38
1,2011-08-22,737.62,732.12,746.5,732.12
1,2011-08-21,732.12,734.62,734.62,730.88
1,2011-08-19,731.75,706.12,733.38,701.12
1,2011-08-18,706.12,725.62,725.75,700.5
1,2011-08-17,725.5,725.75,739.25,722.62
1,2011-08-16,725.62,710.5,732.5,704.5
1,2011-08-15,710.38,711.38,721.12,707.5
1,2011-08-14,711.12,705.38,711.75,704.88
1,2011-08-12,703.62,703.5,718.62,696.38
1,2011-08-11,703.12,684.88,719.88,680.38
1,2011-08-10,684.5,683.12,690.75,676.62
1,2011-08-09,682.88,651.62,687.12,643.62
1,2011-08-08,651.88,673.5,677.38,642.5
1,2011-08-07,673.62,666.75,675.75,665.62
1,2011-08-05,677.75,673.12,682.38,665.62
1,2011-08-04,673.0,705.5,706.25,667.5
1,2011-08-03,704.88,715.25,718.62,703.38
1,2011-08-02,715.38,680.88,722.5,667.75
1,2011-08-01,681.0,674.5,690.38,670.12
1,2011-07-31,674.88,671.12,676.0,670.38
1,2011-07-29,672.88,697.88,699.75,670.0
1,2011-07-28,697.38,700.0,714.62,692.38
1,2011-07-27,699.88,692.25,712.12,686.25
1,2011-07-26,692.12,687.75,698.88,679.38
1,2011-07-25,687.62,683.75,695.12,671.62
1,2011-07-24,683.62,684.0,687.75,681.5
1,2011-07-22,693.38,680.25,693.38,669.5
1,2011-07-21,680.75,687.5,702.25,672.0
1,2011-07-20,687.38,701.0,707.12,685.12
1,2011-07-19,700.62,693.75,727.5,689.25
1,2011-07-18,693.62,681.5,694.62,676.25
1,2011-07-17,681.38,694.5,695.38,680.12
1,2011-07-15,695.38,707.62,715.62,692.75
1,2011-07-14,707.88,716.25,720.25,690.5
1,2011-07-13,716.0,667.5,719.12,665.12
1,2011-07-12,667.5,638.25,676.0,617.62
1,2011-07-11,638.12,647.38,649.88,626.88
1,2011-07-10,647.38,655.25,655.25,646.25
1,2011-07-08,650.0,634.75,657.25,633.62
1,2011-07-07,635.25,623.62,639.88,619.25
1,2011-07-06,624.12,635.38,639.38,620.12
1,2011-07-05,635.25,625.38,640.88,623.12
1,2011-07-04,625.62,611.12,625.88,611.12
1,2011-07-01,611.62,600.5,623.0,592.88
1,2011-06-30,600.38,674.75,677.75,596.0
1,2011-06-29,675.0,680.62,696.88,662.12
1,2011-06-28,680.75,657.88,682.0,653.38
1,2011-06-27,657.62,653.12,658.88,642.62
1,2011-06-26,653.0,661.25,661.25,652.62
1,2011-06-24,631.62,645.88,659.0,631.62
1,2011-06-23,645.75,636.75,651.88,606.12
1,2011-06-22,636.88,677.38,680.25,617.38
1,2011-06-21,677.25,658.38,680.62,655.88
1,2011-06-20,658.5,673.88,674.62,656.12
1,2011-06-19,674.0,673.75,675.12,671.88
1,2011-06-17,671.88,671.25,683.62,664.12
1,2011-06-16,670.88,711.0,712.88,666.25
1,2011-06-15,711.38,732.0,734.12,701.25
1,2011-06-14,731.88,745.88,746.75,714.5
1,2011-06-13,746.62,766.38,768.62,740.38
1,2011-06-12,766.5,760.62,769.88,760.62
1,2011-06-10,759.88,748.5,763.38,738.12
1,2011-06-09,748.12,752.0,769.5,739.62
1,2011-06-08,751.88,741.62,759.12,731.88
1,2011-06-07,741.38,746.62,746.88,731.38
1,2011-06-06,746.0,774.88,777.38,741.25
1,2011-06-05,775.25,772.25,777.88,772.0
1,2011-06-03,772.88,772.25,780.88,759.25
1,2011-06-02,772.5,761.62,774.12,758.62
1,2011-06-01,761.5,787.12,787.62,754.38
1,2011-05-31,787.12,792.62,806.38,773.0
1,2011-05-30,792.75,793.5,794.88,784.62
1,2011-05-27,820.62,819.0,826.88,803.62
1,2011-05-26,818.88,802.38,828.5,802.0
1,2011-05-25,802.88,787.62,802.88,778.12
1,2011-05-24,787.75,797.5,809.5,777.75
1,2011-05-23,797.75,820.38,820.38,785.75
1,2011-05-22,820.12,816.62,820.88,812.38
1,2011-05-20,806.62,808.75,818.75,791.12
1,2011-05-19,808.62,819.25,834.38,805.12
1,2011-05-18,818.75,771.5,826.75,767.62
1,2011-05-17,771.38,736.0,773.88,731.88
1,2011-05-16,736.12,738.75,747.25,730.62
1,2011-05-15,738.88,730.5,742.12,730.5
1,2011-05-13,729.12,738.62,749.0,723.25
1,2011-05-12,738.5,759.62,764.75,728.88
1,2011-05-11,759.5,799.75,804.38,756.62
1,2011-05-10,799.88,792.75,816.38,792.12
1,2011-05-09,792.5,774.5,797.5,769.25
1,2011-05-08,773.5,766.38,777.75,763.62
1,2011-05-06,753.88,752.88,777.5,740.25
1,2011-05-05,753.38,772.62,780.5,749.0
1,2011-05-04,772.25,793.0,794.25,768.12
1,2011-05-03,792.88,795.75,799.62,782.25
1,2011-05-02,795.62,801.25,824.38,789.62
1,2011-05-01,801.0,801.38,803.75,790.5
1,2011-04-29,804.12,770.38,805.38,768.38
1,2011-04-28,770.0,818.12,820.25,767.62
1,2011-04-27,819.12,850.62,852.88,800.38
1,2011-04-26,850.88,862.12,862.75,834.25
1,2011-04-25,861.88,849.12,864.75,845.88
1,2011-04-24,849.38,847.25,849.62,842.63
1,2011-04-22,834.25,834.25,834.25,834.25
1,2011-04-21,833.88,824.0,834.88,816.0
1,2011-04-20,823.88,824.88,843.38,816.38
1,2011-04-19,824.88,815.38,829.62,810.5
1,2011-04-18,815.12,782.12,818.0,775.88
1,2011-04-17,782.62,779.5,782.62,776.25
1,2011-04-15,744.5,745.75,748.62,730.25
1,2011-04-14,745.5,758.12,758.62,734.25
1,2011-04-13,759.25,757.38,769.62,741.75
1,2011-04-12,757.62,800.12,800.25,750.62
1,2011-04-11,800.12,807.25,808.88,786.5
1,2011-04-10,807.0,803.38,808.88,803.38
1,2011-04-08,799.38,775.0,801.75,766.88
1,2011-04-07,774.88,778.38,792.0,757.12
1,2011-04-06,778.5,784.88,792.38,776.12
1,2011-04-05,784.62,789.38,798.12,778.62
1,2011-04-04,789.5,766.88,792.88,766.38
1,2011-04-03,766.5,764.88,769.38,764.62
1,2011-04-01,760.38,759.75,773.62,745.12
1,2011-03-31,759.12,726.88,773.25,722.25
1,2011-03-30,726.88,738.75,741.62,723.25
1,2011-03-29,738.88,722.38,741.62,721.88
1,2011-03-28,723.12,739.5,739.62,721.12
1,2011-03-27,739.62,735.88,739.62,735.5
1,2011-03-25,734.75,743.12,752.38,726.62
1,2011-03-24,742.38,713.5,743.62,710.12
1,2011-03-23,713.5,726.38,728.62,706.12
1,2011-03-22,725.25,718.5,729.88,705.5
1,2011-03-21,718.62,737.62,738.25,717.38
1,2011-03-20,738.88,724.12,741.38,719.88
1,2011-03-18,724.88,715.88,748.88,714.5
1,2011-03-17,715.38,671.38,718.62,667.38
1,2011-03-16,671.62,680.12,697.38,656.5
1,2011-03-15,680.75,722.0,723.38,661.12
1,2011-03-14,722.12,712.25,729.88,706.12
1,2011-03-13,713.12,719.5,719.62,710.62
1,2011-03-11,717.38,737.62,740.25,704.12
1,2011-03-10,739.5,762.88,765.62,734.25
1,2011-03-09,759.38,782.12,788.88,749.88
1,2011-03-08,781.25,801.62,803.12,778.38
1,2011-03-07,799.88,831.38,833.5,798.38
1,2011-03-04,832.62,821.25,836.88,813.75
1,2011-03-03,823.38,810.12,826.38,804.62
1,2011-03-02,811.38,809.88,829.88,796.38
1,2011-03-01,810.88,819.25,823.12,797.38
1,2011-02-28,816.38,819.62,820.62,799.25
1,2011-02-25,813.62,783.88,828.62,783.88
1,2011-02-24,781.12,799.62,804.38,776.62
1,2011-02-23,797.12,793.75,801.25,757.62
1,2011-02-22,796.38,858.88,869.13,795.38
1,2011-02-18,856.38,883.75,885.5,850.75
1,2011-02-17,883.5,870.25,885.25,870.25
1,2011-02-16,837.38,843.62,848.75,825.62
1,2011-02-15,840.25,873.0,873.62,830.88
1,2011-02-14,872.38,875.62,884.38,869.62
1,2011-02-11,867.62,865.88,871.13,855.63
1,2011-02-10,861.38,885.75,885.75,861.38
1,2011-02-09,888.25,876.75,892.38,875.75
1,2011-02-08,873.88,859.88,880.63,844.25
1,2011-02-07,858.88,861.12,869.38,851.63
1,2011-02-04,854.5,859.38,864.62,842.62
1,2011-02-03,858.38,862.63,872.5,847.13
1,2011-02-02,862.88,836.12,864.38,835.5
1,2011-02-01,835.38,843.5,844.88,831.62
1,2011-01-31,838.63,824.12,847.62,823.12
1,2011-01-28,824.62,847.38,849.12,824.62
1,2011-01-27,847.13,858.38,863.38,845.63
1,2011-01-26,856.88,840.62,861.12,839.5
1,2011-01-25,838.88,835.62,838.88,820.88
1,2011-01-24,835.88,829.0,839.13,823.62
1,2011-01-23,824.62,824.62,824.62,824.62
1,2011-01-21,824.75,805.12,829.88,798.75
1,2011-01-20,802.38,797.88,805.5,782.75
1,2011-01-19,798.62,793.0,807.88,792.88
1,2011-01-18,793.38,775.88,793.88,773.62
1,2011-01-17,773.38,773.38,773.38,773.38
1,2011-01-14,773.88,784.25,784.75,763.12
1,2011-01-13,781.38,775.62,787.12,769.62
1,2011-01-12,773.62,761.62,789.88,760.38
1,2011-01-11,758.62,770.38,776.88,758.62
1,2011-01-10,766.62,777.12,783.0,766.62
1,2011-01-07,772.12,788.62,793.75,772.12
1,2011-01-06,788.12,809.0,809.5,788.0
1,2011-01-05,809.88,793.38,809.88,776.62
1,2011-01-04,788.0,803.25,808.75,783.38
1,2011-01-03,805.25,793.12,824.5,793.12
1,2010-12-31,792.62,786.12,795.62,781.12
1,2010-12-30,784.75,798.75,798.75,776.88
1,2010-12-29,799.12,799.62,806.12,786.5
1,2010-12-28,799.12,779.75,801.88,779.5
1,2010-12-27,779.88,773.62,783.5,768.5
1,2010-12-24,782.62,782.62,782.62,782.62
1,2010-12-23,783.62,784.88,788.12,776.12
1,2010-12-22,783.62,763.5,785.12,756.38
1,2010-12-21,764.62,770.38,771.62,762.25
1,2010-12-20,769.88,760.25,776.38,759.88
1,2010-12-17,757.5,752.88,757.5,742.38
1,2010-12-16,749.88,764.25,766.5,746.62
1,2010-12-15,763.88,761.0,776.38,759.75
1,2010-12-14,761.38,779.88,781.5,754.88
1,2010-12-13,780.5,773.88,784.75,766.38
1,2010-12-12,775.38,775.38,775.38,775.38
1,2010-12-10,775.88,788.75,797.88,774.12
1,2010-12-09,788.88,785.5,790.12,779.75
1,2010-12-08,784.12,780.62,792.38,766.38
1,2010-12-07,783.12,795.75,808.25,777.12
1,2010-12-06,794.0,786.25,798.62,774.38
1,2010-12-03,780.38,756.12,781.88,754.75
1,2010-12-02,748.12,742.38,767.12,732.75
1,2010-12-01,738.62,692.62,744.88,691.12
1,2010-11-30,689.62,692.25,697.88,686.12
1,2010-11-29,691.38,689.12,701.25,687.12
1,2010-11-26,686.62,686.38,692.62,683.75
1,2010-11-24,685.5,682.88,688.25,681.12
1,2010-11-23,678.62,686.75,690.88,673.5
1,2010-11-22,684.38,684.0,691.88,678.75
1,2010-11-19,682.25,648.12,696.75,639.38
1,2010-11-18,645.88,634.12,657.25,634.12
1,2010-11-17,632.62,627.5,646.88,619.38
1,2010-11-16,626.38,670.88,673.88,624.5
1,2010-11-15,670.12,674.75,684.62,667.62
1,2010-11-12,668.88,704.88,710.38,661.38
1,2010-11-11,704.38,708.25,722.5,701.88
1,2010-11-10,709.38,721.5,723.38,698.75
1,2010-11-09,720.38,735.75,760.38,717.75
1,2010-11-08,737.12,729.75,738.62,721.38
1,2010-11-05,729.12,720.88,731.12,705.12
1,2010-11-04,720.62,694.62,722.75,693.0
1,2010-11-03,695.12,695.75,699.25,680.62
1,2010-11-02,695.88,706.62,712.12,692.62
1,2010-11-01,706.88,727.12,727.88,701.38
1,2010-10-31,727.38,725.0,727.38,719.62
1,2010-10-29,715.75,718.62,724.88,711.75
1,2010-10-28,718.62,704.5,721.38,701.25
1,2010-10-27,704.12,699.62,707.12,687.88
1,2010-10-26,699.88,675.38,700.75,670.75
1,2010-10-25,675.25,675.75,684.62,670.12
1,2010-10-24,674.62,669.5,676.12,669.25
1,2010-10-22,670.12,671.12,675.88,665.12
1,2010-10-21,670.38,692.12,692.38,667.38
1,2010-10-20,691.75,674.75,691.75,674.12
1,2010-10-19,674.75,693.62,696.38,668.62
1,2010-10-18,692.62,706.88,708.38,688.88
1,2010-10-17,707.12,702.25,707.38,699.75
1,2010-10-15,702.62,705.62,713.62,695.12
1,2010-10-14,704.75,706.88,711.88,697.88
1,2010-10-13,705.88,712.75,721.5,695.12
1,2010-10-12,712.0,709.0,719.38,703.12
1,2010-10-11,708.88,725.25,732.88,703.12
1,2010-10-10,725.38,737.62,738.0,716.25
1,2010-10-08,719.38,662.12,721.12,657.25
1,2010-10-07,661.75,660.5,675.88,656.62
1,2010-10-06,660.38,666.75,673.12,655.12
1,2010-10-05,666.62,648.25,667.62,644.5
1,2010-10-04,648.25,653.75,655.38,643.75
1,2010-10-03,653.12,650.88,655.12,646.5
1,2010-10-01,654.38,674.88,678.25,647.12
1,2010-09-30,676.12,682.88,684.88,651.12
1,2010-09-29,683.25,685.62,688.12,663.5
1,2010-09-28,685.75,702.25,707.62,683.88
1,2010-09-27,701.38,728.88,730.75,700.25
1,2010-09-26,728.62,721.62,728.88,721.12
1,2010-09-24,719.88,698.12,722.88,698.12
1,2010-09-23,698.62,716.12,717.12,693.38
1,2010-09-22,715.88,723.5,731.38,713.62
1,2010-09-21,723.62,727.62,733.88,716.75
1,2010-09-20,727.12,744.5,756.75,727.12
1,2010-09-19,744.88,739.62,744.88,738.25
1,2010-09-17,738.25,725.12,742.62,724.88
1,2010-09-16,724.88,729.62,737.25,711.88
1,2010-09-15,730.38,737.5,743.88,723.25
1,2010-09-14,737.38,746.75,750.62,730.88
1,2010-09-13,747.5,735.12,753.38,735.0
1,2010-09-12,734.88,737.62,738.62,732.62
1,2010-09-10,737.38,734.5,744.25,717.62
1,2010-09-09,734.62,713.88,742.62,706.12
1,2010-09-08,713.62,733.0,735.25,708.62
1,2010-09-07,733.88,741.38,746.5,727.38
1,2010-09-06,741.5,741.12,748.25,737.0
1,2010-09-05,741.12,741.12,741.12,741.12
1,2010-09-03,741.75,715.12,741.75,714.12
1,2010-09-02,715.12,708.25,722.62,707.5
1,2010-09-01,707.75,689.38,711.25,688.62
1,2010-08-31,689.38,702.12,713.88,683.75
1,2010-08-30,701.88,705.0,728.62,697.5
1,2010-08-29,704.75,694.25,705.88,694.25
1,2010-08-27,693.38,694.38,704.75,687.38
1,2010-08-26,694.88,685.88,697.38,685.25
1,2010-08-25,685.88,704.25,716.12,679.38
1,2010-08-24,704.25,722.5,722.75,700.62
1,2010-08-23,722.38,712.88,729.0,712.5
1,2010-08-22,713.25,711.25,713.38,709.62
1,2010-08-20,711.25,724.25,728.88,704.38
1,2010-08-19,723.88,661.12,730.62,661.0
1,2010-08-18,661.25,655.88,665.12,645.0
1,2010-08-17,655.25,666.12,676.5,649.62
1,2010-08-16,666.0,694.12,708.62,656.38
1,2010-08-15,694.5,701.25,702.38,691.12
1,2010-08-13,701.12,717.75,724.38,701.12
1,2010-08-12,717.12,693.0,734.25,692.38
1,2010-08-11,693.25,705.0,709.38,680.62
1,2010-08-10,705.12,709.88,718.12,690.38
1,2010-08-09,710.0,693.38,737.88,686.88
1,2010-08-08,693.12,725.62,725.62,684.75
1,2010-08-06,726.62,815.5,840.88,725.38
1,2010-08-05,815.62,726.12,826.38,724.62
1,2010-08-04,726.25,679.25,731.62,678.38
1,2010-08-03,679.38,691.88,697.38,675.25
1,2010-08-02,693.0,662.38,710.62,661.88
1,2010-08-01,662.25,660.75,663.88,657.75
1,2010-07-30,661.38,634.25,662.62,630.88
1,2010-07-27,595.62,585.75,601.75,582.62
1,2010-07-26,586.12,593.62,595.12,584.75
1,2010-07-25,596.25,596.25,596.25,596.25
1,2010-07-23,595.75,593.75,603.5,593.38
1,2010-07-22,593.62,585.62,609.88,584.0
1,2010-07-21,585.75,575.62,593.88,574.25
1,2010-07-20,575.5,577.25,580.62,572.88
1,2010-07-19,577.88,593.75,597.5,575.38
1,2010-07-18,593.62,588.88,595.62,581.12
1,2010-07-16,588.25,597.0,597.38,579.0
1,2010-07-15,596.88,556.25,598.38,555.62
1,2010-07-14,556.88,549.12,565.12,545.38
1,2010-07-13,549.38,533.62,550.88,530.88
1,2010-07-12,533.5,536.25,541.38,533.38
1,2010-07-11,536.38,537.5,537.5,534.25
1,2010-07-09,537.88,544.62,545.12,533.12
1,2010-07-08,544.5,530.0,549.0,524.62
1,2010-07-07,530.0,507.25,531.88,506.25
1,2010-07-06,507.25,504.5,525.88,504.12
1,2010-07-05,504.38,502.62,504.38,500.12
1,2010-07-04,502.62,502.62,502.62,502.62
1,2010-07-02,503.38,497.38,507.88,495.88
1,2010-07-01,496.88,479.38,503.62,475.38
1,2010-06-30,479.25,459.62,486.62,459.62
1,2010-06-29,456.62,457.75,459.88,455.12
1,2010-06-28,464.5,467.88,468.12,459.62
1,2010-06-25,471.12,478.25,478.88,470.38
1,2010-06-24,477.88,478.25,483.62,474.88
1,2010-06-23,475.75,476.62,481.88,475.12
1,2010-06-22,476.12,477.38,478.62,472.38
1,2010-06-21,477.38,484.5,484.62,472.12
1,2010-06-18,476.5,477.62,485.88,475.25
1,2010-06-17,479.12,460.62,479.12,453.75
1,2010-06-16,460.88,451.88,467.88,451.62
1,2010-06-15,451.88,450.88,456.12,446.0
1,2010-06-14,451.38,447.0,454.62,444.0
1,2010-06-13,446.88,442.62,447.62,441.62
1,2010-06-11,440.12,433.88,448.5,427.75
1,2010-06-10,433.62,427.38,437.38,427.25
1,2010-06-09,427.38,432.12,435.88,425.62
1,2010-06-08,432.38,433.38,436.38,431.38
1,2010-06-07,433.12,435.38,438.38,431.38
1,2010-06-06,435.62,435.38,436.38,434.88
1,2010-06-04,435.38,443.88,444.12,435.38
1,2010-06-03,444.12,444.25,447.75,440.75
1,2010-06-02,444.38,451.38,454.38,442.12
1,2010-06-01,451.5,458.25,461.12,449.12
1,2010-05-31,458.38,458.0,459.38,457.12
1,2010-05-30,457.62,457.62,457.62,457.62
1,2010-05-28,457.38,469.88,473.38,456.62
1,2010-05-27,470.0,461.62,473.12,461.38
1,2010-05-26,461.62,462.38,471.12,458.62
1,2010-05-25,462.5,466.38,466.5,456.38
1,2010-05-24,466.12,472.12,475.62,465.38
1,2010-05-23,472.25,472.88,473.25,471.88
1,2010-05-21,472.12,467.75,474.88,466.88
1,2010-05-20,467.12,470.88,472.0,461.62
1,2010-05-19,470.75,467.0,471.88,465.5
1,2010-05-18,467.12,469.88,473.38,466.12
1,2010-05-17,469.75,471.12,474.12,466.38
1,2010-05-16,471.12,471.12,471.38,470.62
1,2010-05-14,471.88,480.88,481.12,471.12
1,2010-05-13,480.62,490.62,492.75,477.88
1,2010-05-12,490.5,493.25,508.12,490.38
1,2010-05-11,493.62,493.25,497.88,489.12
1,2010-05-10,493.88,508.0,514.38,491.62
1,2010-05-09,508.12,510.88,511.75,506.12
1,2010-05-07,508.38,503.5,516.88,498.75
1,2010-05-06,503.62,512.0,513.88,500.38
1,2010-05-05,512.38,512.62,513.12,502.38
1,2010-05-04,512.38,500.5,513.0,493.38
1,2010-05-03,500.38,502.0,507.5,491.62
1,2010-04-30,505.12,495.12,505.12,493.38
1,2010-04-29,495.25,489.62,507.38,488.88
1,2010-04-28,489.88,489.62,495.88,482.38
1,2010-04-27,489.75,488.12,492.88,484.88
1,2010-04-26,488.38,505.88,514.62,485.62
1,2010-04-25,505.25,503.62,506.12,503.25
1,2010-04-23,507.0,508.38,511.88,502.12
1,2010-04-22,508.5,499.75,511.62,493.12
1,2010-04-21,499.62,498.75,502.12,493.88
1,2010-04-20,498.88,481.75,499.38,481.62
1,2010-04-19,481.38,499.75,501.12,478.62
1,2010-04-18,499.88,500.38,500.38,499.12
1,2010-04-16,489.5,480.38,491.12,477.62
1,2010-04-15,480.38,473.75,482.62,473.75
1,2010-04-14,473.88,476.38,481.88,470.62
1,2010-04-13,476.12,465.88,476.38,463.88
1,2010-04-12,467.12,466.12,474.25,466.12
1,2010-04-09,466.12,476.25,478.38,462.88
1,2010-04-08,469.12,470.25,473.12,467.12
1,2010-04-07,475.5,463.38,476.38,456.38
1,2010-04-06,463.38,451.38,469.88,450.25
1,2010-04-05,453.5,454.38,454.62,447.12
1,2010-04-01,456.12,450.88,456.12,449.75
1,2010-03-31,450.38,473.25,473.25,450.38
1,2010-03-30,473.38,465.62,473.38,464.12
1,2010-03-29,464.38,464.62,469.62,464.12
1,2010-03-26,464.88,465.5,467.88,464.12
1,2010-03-25,466.12,476.12,476.12,464.62
1,2010-03-24,476.0,474.12,478.62,472.38
1,2010-03-23,475.88,484.75,487.38,475.88
1,2010-03-22,487.12,484.62,492.62,482.38
1,2010-03-19,484.75,489.5,490.5,483.12
1,2010-03-18,489.38,488.88,492.62,484.62
1,2010-03-17,495.88,487.12,498.12,486.12
1,2010-03-16,487.38,482.12,488.88,482.12
1,2010-03-15,478.62,485.12,486.62,477.62
1,2010-03-12,485.12,481.88,485.88,479.12
1,2010-03-11,478.38,478.38,481.38,475.62
1,2010-03-10,481.12,488.88,491.88,478.88
1,2010-03-09,489.38,494.38,494.38,488.12
1,2010-03-08,494.62,493.12,498.62,493.12
1,2010-03-05,493.12,507.38,508.25,492.38
1,2010-03-04,502.88,516.38,516.38,499.38
1,2010-03-03,515.62,504.0,517.38,504.0
1,2010-03-02,504.0,504.75,509.62,498.38
1,2010-03-01,504.75,519.62,519.62,498.5
1,2010-02-26,519.12,503.5,519.88,503.5
1,2010-02-25,503.88,513.88,513.88,502.12
1,2010-02-24,514.12,505.88,515.88,505.88
1,2010-02-23,506.12,513.12,515.12,505.12
1,2010-02-22,513.12,503.12,517.5,499.38
1,2010-02-19,488.88,483.38,490.12,482.62
1,2010-02-18,483.88,498.12,498.12,483.12
1,2010-02-17,494.88,501.88,502.38,492.62
1,2010-02-16,504.88,498.62,508.88,498.62
1,2010-02-12,485.62,484.25,487.25,480.5
1,2010-02-11,491.5,495.12,501.38,486.62
1,2010-02-10,496.88,482.62,502.88,480.88
1,2010-02-09,482.25,484.38,488.38,476.88
1,2010-02-08,484.38,479.12,488.88,478.62
1,2010-02-05,474.12,477.0,477.0,467.12
1,2010-02-04,475.62,467.38,481.88,466.62
1,2010-02-03,470.12,485.38,485.5,468.5
1,2010-02-02,487.0,481.0,492.38,479.75
1,2010-02-01,474.38,475.0,483.62,473.62
1,2010-01-31,473.12,473.12,473.12,473.12
1,2010-01-29,473.12,486.38,487.88,473.12
1,2010-01-28,487.0,485.12,489.12,483.12
1,2010-01-27,484.75,492.38,493.62,483.12
1,2010-01-26,493.0,497.75,497.75,491.62
1,2010-01-25,497.88,498.38,503.88,496.5
1,2010-01-22,498.12,500.38,501.88,495.12
1,2010-01-21,500.38,498.25,500.38,493.12
1,2010-01-20,488.88,499.38,499.38,485.38
1,2010-01-19,499.25,509.88,509.88,497.0
1,2010-01-18,509.88,509.88,509.88,509.88
1,2010-01-15,509.88,527.12,527.12,509.38
1,2010-01-14,527.12,534.88,534.88,526.12
1,2010-01-13,535.12,537.88,537.88,519.62
1,2010-01-12,537.88,574.25,574.25,520.88
1,2010-01-11,574.25,568.12,574.5,563.88
1,2010-01-08,568.12,556.62,569.62,553.88
1,2010-01-07,556.62,567.0,567.0,556.38
1,2010-01-06,567.12,552.62,567.62,551.25
1,2010-01-05,552.62,557.62,559.88,552.12
1,2010-01-04,557.62,540.75,561.12,540.75
1,2010-01-01,540.75,540.75,540.75,540.75
1,2009-12-31,541.12,543.62,549.88,540.62
1,2009-12-30,543.75,540.75,549.88,540.62
1,2009-12-29,540.5,550.38,553.62,540.12
1,2009-12-28,550.38,525.75,550.62,525.75
1,2009-12-25,525.75,525.75,525.75,525.75
1,2009-12-24,525.75,529.62,529.62,521.0
1,2009-12-23,529.62,522.25,529.62,522.25
1,2009-12-22,522.38,519.5,524.75,515.62
1,2009-12-21,519.38,527.12,529.38,519.12
1,2009-12-20,527.12,527.12,527.12,527.12
1,2009-12-18,527.12,522.62,528.88,515.12
1,2009-12-17,522.62,539.38,539.38,514.38
1,2009-12-16,539.5,536.12,542.38,527.88
1,2009-12-15,536.12,543.88,543.88,536.12
1,2009-12-14,543.62,538.0,547.88,534.12
1,2009-12-13,538.0,538.0,538.0,538.0
1,2009-12-11,538.0,539.12,542.12,530.5
1,2009-12-10,538.12,532.38,543.88,530.12
1,2009-12-09,534.62,539.62,544.12,532.62
1,2009-12-08,539.62,546.75,547.38,537.62
1,2009-12-07,547.62,555.12,559.88,547.62
1,2009-12-06,557.62,557.62,557.62,557.62
1,2009-12-04,557.38,569.12,569.12,555.62
1,2009-12-03,571.0,576.12,579.38,569.38
1,2009-12-02,576.62,583.88,583.88,570.88
1,2009-12-01,583.75,586.5,597.88,580.12
1,2009-11-30,586.5,576.12,589.88,575.75
1,2009-11-29,569.12,569.12,569.12,569.12
1,2009-11-27,569.25,569.12,571.75,559.12
1,2009-11-25,569.25,565.38,575.12,555.88
1,2009-11-24,553.38,578.38,578.38,552.12
1,2009-11-23,578.38,579.5,600.38,577.88
1,2009-11-22,579.5,579.5,579.5,579.5
1,2009-11-20,558.12,562.62,562.62,553.88
1,2009-11-19,562.75,565.12,571.12,551.38
1,2009-11-18,565.12,574.5,583.12,565.12
1,2009-11-17,574.5,556.75,575.38,555.75
1,2009-11-16,562.38,539.5,563.62,539.5
1,2009-11-15,539.5,539.5,539.5,539.5
1,2009-11-13,539.62,531.12,540.12,531.12
1,2009-11-12,531.12,530.38,541.62,522.25
1,2009-11-11,530.38,521.38,539.38,521.38
1,2009-11-10,521.62,511.38,526.75,507.88
1,2009-11-09,519.75,497.88,523.88,497.88
1,2009-11-08,497.88,497.88,497.88,497.88
1,2009-11-06,497.88,512.12,512.12,496.62
1,2009-11-05,512.25,521.75,521.75,510.88
1,2009-11-04,521.75,517.88,527.75,505.62
1,2009-11-02,514.62,496.38,518.12,495.62
1,2009-11-01,493.62,493.62,493.62,493.62
1,2009-10-30,493.62,504.38,504.38,488.12
1,2009-10-29,504.38,493.88,511.12,493.88
1,2009-10-28,493.88,495.75,508.62,493.62
1,2009-10-27,502.88,527.25,527.25,502.88
1,2009-10-26,527.12,547.38,558.38,526.12
1,2009-10-25,547.38,547.38,547.38,547.38
1,2009-10-23,547.0,552.12,574.62,547.0
1,2009-10-22,552.38,542.0,555.62,541.62
1,2009-10-21,542.38,519.0,548.12,519.0
1,2009-10-20,518.88,517.5,526.62,509.0
1,2009-10-19,517.5,497.5,522.62,497.5
1,2009-10-18,497.5,497.5,497.5,497.5
1,2009-10-16,497.75,505.38,506.62,495.62
1,2009-10-15,505.38,513.5,513.62,496.5
1,2009-10-14,513.5,512.88,528.5,505.12
