4,2015-10-09,4817.28,4841.38,4804.59,4830.47,404830706
4,2015-10-08,4775.06,4819.07,4737.93,4810.79,441396000
4,2015-10-07,4775.05,4791.15,4728.71,4791.15,522587664
4,2015-10-06,4767.63,4783.37,4711.79,4748.36,471984445
4,2015-10-05,4742.13,4785.91,4740.24,4781.26,490216819
4,2015-10-02,4566.13,4707.77,4552.34,4707.77,510636456
4,2015-10-01,4624.46,4628.23,4559.21,4627.08,501353617
4,2015-09-30,4574.38,4620.16,4559.18,4620.16,623884846
4,2015-09-29,4551.04,4596.06,4487.06,4517.32,548612137
4,2015-09-28,4665.06,4665.21,4529.41,4543.97,558003966
4,2015-09-25,4782.41,4785.22,4659.48,4686.5,501803045
4,2015-09-24,4717.89,4746.21,4670.12,4734.48,481385232
4,2015-09-23,4764.69,4780.64,4735.13,4752.74,365126221
4,2015-09-22,4762.29,4776.28,4716.91,4756.72,477773268
4,2015-09-21,4851.98,4881.46,4795.91,4828.95,453539421
4,2015-09-18,4828.71,4878.71,4819.08,4827.23,1362087422
4,2015-09-17,4884.11,4960.87,4880.5,4893.95,444765250
4,2015-09-16,4860.44,4893.44,4848.15,4889.24,382588951
4,2015-09-15,4819.32,4872.35,4802.09,4860.52,353268265
4,2015-09-14,4831.98,4832.0,4791.08,4805.76,358082686
4,2015-09-11,4770.73,4822.34,4763.15,4822.34,396559226
4,2015-09-10,4749.96,4826.33,4746.52,4796.25,444144036
4,2015-09-09,4856.27,4862.88,4746.73,4756.53,460528870
4,2015-09-08,4769.71,4815.04,4754.89,4811.93,445733261
4,2015-09-04,4670.35,4712.67,4657.82,4683.92,378945141
4,2015-09-03,4763.1,4800.19,4721.91,4733.5,434443372
4,2015-09-02,4704.42,4749.98,4659.41,4749.98,472708429
4,2015-09-01,4673.61,4722.13,4614.91,4636.1,582683283
4,2015-08-31,4798.68,4824.61,4763.42,4776.51,498165036
4,2015-08-28,4792.11,4836.78,4788.37,4828.32,509589378
4,2015-08-27,4761.05,4818.71,4721.79,4812.71,590549246
4,2015-08-26,4633.51,4703.97,4530.03,4697.54,633104536
4,2015-08-25,4687.27,4689.54,4506.1,4506.49,657534972
4,2015-08-24,4351.61,4694.9,4292.14,4526.25,926378475
4,2015-08-21,4801.04,4856.75,4706.04,4706.04,716256607
4,2015-08-20,4973.49,4986.51,4877.49,4877.49,477701056
4,2015-08-19,5039.03,5060.93,4992.84,5019.05,399246525
4,2015-08-18,5082.17,5085.14,5054.97,5059.35,347367365
4,2015-08-17,5032.34,5092.69,5022.42,5091.7,360390446
4,2015-08-14,5025.92,5051.89,5012.61,5048.23,343628280
4,2015-08-13,5050.94,5071.46,5029.61,5033.56,376046912
4,2015-08-12,4994.52,5055.75,4945.79,5044.39,474104484
4,2015-08-11,5069.16,5089.33,5013.44,5036.79,451203696
4,2015-08-10,5081.72,5112.47,5081.11,5101.8,435821906
4,2015-08-07,5043.97,5055.56,5006.15,5043.54,465432776
4,2015-08-06,5146.62,5149.93,5035.41,5056.44,511218831
4,2015-08-05,5132.77,5175.26,5131.86,5139.94,452958389
4,2015-08-04,5110.96,5125.9,5092.46,5105.55,419373277
4,2015-08-03,5134.34,5143.08,5082.32,5115.38,411240171
4,2015-07-31,5148.18,5155.02,5122.37,5128.28,517898022
4,2015-07-30,5100.3,5135.65,5070.62,5128.78,432341828
4,2015-07-29,5097.86,5117.84,5080.04,5111.73,443575147
4,2015-07-28,5063.44,5097.69,5025.61,5089.21,475084325
4,2015-07-27,5055.92,5072.88,5032.69,5039.78,452917096
4,2015-07-24,5166.91,5167.54,5084.51,5088.63,474843442
4,2015-07-23,5180.33,5197.0,5137.64,5146.41,439503247
4,2015-07-22,5146.03,5184.74,5145.78,5171.77,444456095
4,2015-07-21,5219.2,5229.0,5196.3,5208.12,399428437
4,2015-07-20,5223.18,5231.94,5201.49,5218.86,390433180
4,2015-07-17,5196.11,5210.16,5183.23,5210.14,443208098
4,2015-07-16,5138.18,5163.18,5128.56,5163.18,382622746
4,2015-07-15,5111.11,5125.32,5088.12,5098.94,384201034
4,2015-07-14,5077.12,5116.52,5075.12,5104.89,386787630
4,2015-07-13,5037.27,5074.81,5036.68,5071.51,383979125
4,2015-07-10,4981.24,5008.05,4966.51,4997.7,369464238
4,2015-07-09,4976.15,4982.19,4920.4,4922.4,424411936
4,2015-07-08,4953.98,4965.45,4901.51,4909.76,450166799
4,2015-07-07,4993.76,5001.99,4902.21,4997.46,495437406
4,2015-07-06,4963.79,5020.71,4960.93,4991.94,489029501
4,2015-07-02,5024.3,5027.47,4990.74,5009.21,357112487
4,2015-07-01,5029.04,5038.55,4994.46,5013.12,425745829
4,2015-06-30,5000.15,5008.76,4968.26,4986.87,536566591
4,2015-06-29,5021.21,5051.01,4956.23,4958.47,490088229
4,2015-06-26,5113.26,5121.47,5060.82,5080.5,1251422507
4,2015-06-25,5139.48,5141.71,5102.16,5112.19,404118588
4,2015-06-24,5151.38,5164.36,5121.64,5122.41,396719511
4,2015-06-23,5161.68,5163.41,5139.33,5160.09,363880879
4,2015-06-22,5147.87,5162.13,5142.78,5153.97,392193563
4,2015-06-19,5139.77,5140.17,5113.94,5117.0,994329461
4,2015-06-18,5082.06,5143.32,5082.03,5132.95,434520917
4,2015-06-17,5067.68,5080.11,5042.25,5064.88,394119844
4,2015-06-16,5023.58,5063.06,5022.56,5055.55,373639773
4,2015-06-15,5011.79,5035.37,4985.94,5029.97,429317419
4,2015-06-12,5060.24,5067.96,5043.24,5051.1,348818064
4,2015-06-11,5088.26,5101.39,5075.05,5082.51,406905177
4,2015-06-10,5029.41,5086.66,5024.17,5076.69,428374610
4,2015-06-09,5013.13,5027.02,4974.61,5013.86,394828910
4,2015-06-08,5066.65,5069.0,5014.06,5021.63,388068859
4,2015-06-05,5057.04,5074.98,5025.52,5068.46,426331211
4,2015-06-04,5078.22,5101.11,5046.29,5059.12,407343888
4,2015-06-03,5098.48,5114.6,5084.99,5099.23,411408036
4,2015-06-02,5063.47,5100.02,5047.35,5076.52,410953177
4,2015-06-01,5094.94,5099.01,5045.67,5082.93,444441604
4,2015-05-29,5093.1,5099.4,5057.59,5070.02,545786924
4,2015-05-28,5096.34,5106.65,5080.25,5097.98,400525535
4,2015-05-27,5047.86,5111.54,5039.37,5106.59,424865922
4,2015-05-26,5076.91,5081.17,5016.73,5032.75,442169324
4,2015-05-22,5085.39,5103.84,5085.19,5089.36,363368424
4,2015-05-21,5065.94,5098.23,5062.51,5090.79,381244341
4,2015-05-20,5072.44,5097.52,5050.21,5071.74,401518169
4,2015-05-19,5080.44,5087.35,5062.8,5070.03,412313587
4,2015-05-18,5040.92,5084.5,5037.54,5078.44,391347690
4,2015-05-15,5059.15,5062.65,5034.84,5048.29,431423452
4,2015-05-14,5016.67,5051.72,4999.65,5050.79,404813631
4,2015-05-13,4991.42,5012.97,4977.49,4981.69,384762290
4,2015-05-12,4966.44,4995.5,4931.6,4976.19,403841577
4,2015-05-11,5003.26,5017.38,4992.02,4993.57,410319140
4,2015-05-08,4991.63,5014.33,4989.26,5003.55,450650462
4,2015-05-07,4917.75,4957.12,4914.53,4945.54,470401212
4,2015-05-06,4956.7,4965.1,4888.17,4919.64,496020624
4,2015-05-05,5000.19,5008.27,4934.34,4939.33,479749871
4,2015-05-04,5018.35,5043.62,5013.02,5016.93,415232734
4,2015-05-01,4966.32,5005.39,4962.74,5005.39,461132337
4,2015-04-30,4996.99,5015.96,4921.55,4941.42,591667148
4,2015-04-29,5028.45,5053.84,4999.83,5023.64,443705140
4,2015-04-28,5063.26,5075.3,5006.28,5055.42,476104969
4,2015-04-27,5104.36,5119.83,5053.54,5060.25,506277002
4,2015-04-24,5096.34,5100.37,5081.21,5092.08,467318920
4,2015-04-23,5020.22,5073.09,5019.29,5056.06,435928587
4,2015-04-22,5026.57,5040.65,4992.62,5035.17,398296110
4,2015-04-21,5023.96,5028.22,5009.51,5014.1,381514959
4,2015-04-20,4958.07,5000.2,4952.67,4994.6,386630301
4,2015-04-17,4966.11,4974.09,4912.32,4931.81,505999342
4,2015-04-16,4999.36,5016.0,4996.0,5007.79,383966338
4,2015-04-15,4992.62,5021.19,4989.24,5011.02,425846974
4,2015-04-14,4988.82,4996.82,4952.01,4977.29,364235937
4,2015-04-13,5001.55,5024.25,4985.96,4988.25,0
4,2015-04-10,4977.03,4996.08,4970.02,4995.98,341083860
4,2015-04-09,4950.84,4975.93,4928.11,4974.56,387111672
4,2015-04-08,4914.15,4956.72,4914.15,4950.82,409413721
4,2015-04-07,4917.5,4948.88,4909.77,4910.23,373964117
4,2015-04-06,4855.94,4929.62,4852.91,4917.32,466904430
4,2015-04-02,4885.41,4901.32,4872.96,4886.94,383825196
4,2015-04-01,4894.36,4899.38,4844.39,4880.23,457083435
4,2015-03-31,4925.91,4940.87,4899.31,4900.88,509763013
4,2015-03-30,4921.78,4948.46,4921.12,4947.44,419655317
4,2015-03-27,4863.74,4899.26,4859.65,4891.22,429394906
4,2015-03-26,4835.71,4889.21,4825.93,4863.36,488336533
4,2015-03-25,5002.83,5006.76,4876.52,4876.52,518105413
4,2015-03-24,5010.09,5032.48,4994.56,4994.73,383803547
4,2015-03-23,5020.6,5031.39,5010.97,5010.97,394239950
4,2015-03-20,5033.47,5042.14,5020.06,5026.42,1069260868
4,2015-03-19,4982.02,5000.02,4979.94,4992.38,388563286
4,2015-03-18,4926.83,5001.57,4907.72,4982.83,473041876
4,2015-03-17,4912.65,4944.91,4907.02,4937.44,415815446
4,2015-03-16,4897.27,4929.94,4889.09,4929.51,417726344
4,2015-03-13,4885.54,4904.47,4842.8,4871.76,439585484
4,2015-03-12,4853.98,4895.79,4853.2,4893.29,451952005
4,2015-03-11,4866.94,4876.09,4846.79,4849.94,456592278
4,2015-03-10,4899.51,4903.44,4859.79,4859.79,460955638
4,2015-03-09,4936.08,4950.47,4920.82,4942.44,405494419
4,2015-03-06,4967.24,4982.93,4918.62,4927.37,462812452
4,2015-03-05,4979.95,4993.52,4963.1,4982.81,417033311
4,2015-03-04,4961.24,4973.32,4938.9,4967.14,433194350
4,2015-03-03,4990.7,4996.66,4956.07,4979.9,481226652
4,2015-03-02,4973.43,5008.57,4972.01,5008.1,468541659
4,2015-02-27,4985.03,4989.25,4960.87,4963.53,485689153
4,2015-02-26,4969.27,4989.11,4955.51,4987.89,437964873
4,2015-02-25,4960.36,4984.24,4955.99,4967.14,422943946
4,2015-02-24,4956.21,4971.18,4945.14,4968.12,429639014
4,2015-02-23,4953.1,4960.97,4939.56,4960.97,452048347
4,2015-02-20,4919.78,4957.02,4905.59,4955.97,456717650
4,2015-02-19,4901.51,4929.53,4900.63,4924.7,380206242
4,2015-02-18,4890.84,4907.5,4885.6,4906.36,410197638
4,2015-02-17,4889.98,4901.89,4880.64,4899.27,450146696
4,2015-02-13,4869.73,4893.84,4860.12,4893.84,455860455
4,2015-02-12,4828.08,4857.61,4823.57,4857.61,480016500
4,2015-02-11,4788.37,4810.36,4780.13,4801.18,433804361
4,2015-02-10,4754.62,4793.27,4737.12,4787.65,441959229
4,2015-02-09,4723.73,4749.47,4719.61,4726.01,411221449
4,2015-02-06,4768.84,4787.19,4731.22,4744.4,494103022
4,2015-02-05,4729.65,4767.37,4722.8,4765.1,501774519
4,2015-02-04,4699.81,4744.33,4697.79,4716.7,549869933
4,2015-02-03,4693.25,4727.74,4670.82,4727.74,553797436
4,2015-02-02,4650.6,4676.69,4580.46,4676.69,525393576
4,2015-01-30,4671.2,4703.81,4631.1,4635.24,638807868
4,2015-01-29,4635.73,4688.41,4601.76,4683.41,529674055
4,2015-01-28,4740.69,4742.06,4637.48,4637.99,534446812
4,2015-01-27,4698.23,4721.87,4659.83,4681.5,469343354
4,2015-01-26,4752.36,4774.18,4734.2,4771.76,460886717
4,2015-01-23,4748.19,4771.18,4737.95,4757.88,414941163
4,2015-01-22,4690.93,4752.59,4644.57,4750.4,515532806
4,2015-01-21,4641.95,4692.46,4629.59,4667.42,463216778
4,2015-01-20,4655.84,4665.65,4601.1,4654.85,473619637
4,2015-01-16,4566.38,4635.82,4563.11,4634.38,548599542
4,2015-01-15,4657.46,4663.96,4567.39,4570.82,525693671
4,2015-01-14,4610.76,4655.37,4595.98,4639.32,527383577
4,2015-01-13,4708.74,4751.34,4624.28,4661.5,566516755
4,2015-01-12,4714.07,4715.81,4650.65,4664.71,491280891
4,2015-01-09,4744.47,4744.71,4681.24,4704.07,430668472
4,2015-01-08,4689.54,4741.38,4688.02,4736.19,548098980
4,2015-01-07,4626.84,4652.72,4613.9,4650.47,482505476
4,2015-01-06,4666.85,4667.33,4567.59,4592.74,553615812
4,2015-01-05,4700.34,4702.77,4641.46,4652.57,476454394
4,2015-01-02,4760.24,4777.01,4698.11,4726.81,367738133
4,2014-12-31,4790.53,4806.43,4734.11,4736.05,422142201
4,2014-12-30,4793.61,4803.89,4772.88,4777.44,316501988
4,2014-12-29,4801.26,4813.72,4798.9,4806.91,312341492
4,2014-12-26,4788.06,4814.95,4787.85,4806.86,264823467
4,2014-12-24,4770.12,4787.57,4768.67,4773.47,195599382
4,2014-12-23,4798.03,4798.06,4761.39,4765.42,405383348
4,2014-12-22,4759.04,4781.93,4757.8,4781.42,450594346
4,2014-12-19,4752.6,4782.13,4738.29,4765.38,1287933144
4,2014-12-18,4712.39,4748.4,4697.09,4748.4,553977849
4,2014-12-17,4556.9,4651.9,4550.7,4644.31,573498994
4,2014-12-16,4572.79,4645.19,4547.31,4547.83,587097998
4,2014-12-15,4679.67,4690.58,4592.42,4605.16,568376995
4,2014-12-12,4665.35,4707.92,4653.6,4653.6,489474717
4,2014-12-11,4704.65,4759.88,4699.42,4708.16,448123813
4,2014-12-10,4754.42,4766.64,4679.24,4684.02,481568638
4,2014-12-09,4685.2,4768.41,4674.38,4766.46,484643904
4,2014-12-08,4769.76,4793.24,4722.91,4740.69,497777372
4,2014-12-05,4776.57,4788.98,4769.64,4780.75,449462984
4,2014-12-04,4772.0,4785.41,4753.71,4769.44,448628513
4,2014-12-03,4761.31,4781.37,4745.14,4774.47,450700483
4,2014-12-02,4732.97,4761.63,4729.76,4755.81,460394393
4,2014-12-01,4777.73,4782.07,4724.62,4727.35,481089211
4,2014-11-28,4797.1,4810.86,4786.72,4791.63,300150925
4,2014-11-26,4760.23,4788.0,4757.48,4787.32,351085192
4,2014-11-25,4762.39,4774.52,4749.92,4758.25,491472166
4,2014-11-24,4725.17,4755.02,4723.62,4754.89,413326025
4,2014-11-21,4751.01,4751.6,4700.73,4712.97,550289450
4,2014-11-20,4655.2,4702.97,4653.32,4701.87,411095654
4,2014-11-19,4694.78,4696.2,4655.72,4675.71,427477516
4,2014-11-18,4674.84,4709.83,4674.3,4702.44,421879470
4,2014-11-17,4678.44,4689.53,4655.19,4671.0,429258081
4,2014-11-14,4679.85,4688.74,4664.3,4688.54,433431300
4,2014-11-13,4681.56,4703.1,4664.27,4680.14,457991099
4,2014-11-12,4644.63,4678.58,4643.78,4675.13,447408638
4,2014-11-11,4649.19,4661.23,4640.24,4660.55,411426887
4,2014-11-10,4635.1,4653.38,4626.49,4651.62,471189936
4,2014-11-07,4636.89,4638.8,4606.81,4632.53,475305602
4,2014-11-06,4616.78,4639.17,4604.76,4638.47,482297269
4,2014-11-05,4649.47,4650.39,4607.73,4620.72,497481276
4,2014-11-04,4623.77,4635.95,4594.91,4623.64,480852288
4,2014-11-03,4633.71,4654.19,4627.42,4638.91,522969817
4,2014-10-31,4639.45,4641.51,4616.58,4630.74,659763026
4,2014-10-30,4532.1,4575.5,4521.79,4566.14,516176212
4,2014-10-29,4551.37,4564.44,4517.02,4549.23,543047682
4,2014-10-28,4505.73,4564.29,4505.11,4564.29,507392598
4,2014-10-27,4469.02,4489.6,4450.29,4485.93,413393523
4,2014-10-24,4459.46,4486.26,4445.85,4483.71,446469006
4,2014-10-23,4427.44,4475.55,4421.56,4452.79,508525573
4,2014-10-22,4429.16,4435.86,4381.28,4382.85,501409805
4,2014-10-21,4359.17,4419.48,4356.1,4419.48,492347160
4,2014-10-20,4254.16,4316.87,4248.22,4316.07,456919014
4,2014-10-17,4275.08,4296.11,4241.67,4258.44,667363830
4,2014-10-16,4133.25,4246.01,4131.65,4217.39,692063530
4,2014-10-15,4154.1,4231.54,4116.6,4215.32,794032042
4,2014-10-14,4246.23,4281.34,4212.82,4227.17,652378519
4,2014-10-13,4274.9,4303.82,4212.86,4213.66,631031288
4,2014-10-10,4354.63,4380.51,4276.24,4276.24,714334847
4,2014-10-09,4458.29,4464.13,4377.28,4378.34,552974376
4,2014-10-08,4385.7,4473.73,4355.34,4468.59,595037075
4,2014-10-07,4433.91,4441.76,4385.15,4385.2,510600184
4,2014-10-06,4492.4,4496.26,4444.1,4454.8,463154859
4,2014-10-03,4456.8,4488.07,4445.72,4475.62,459894337
4,2014-10-02,4421.25,4441.95,4367.74,4430.19,512297579
4,2014-10-01,4486.65,4486.79,4409.3,4422.08,575565238
4,2014-09-30,4512.64,4522.06,4483.91,4493.39,573841417
4,2014-09-29,4465.84,4515.24,4464.44,4505.85,432409375
4,2014-09-26,4476.48,4515.74,4475.48,4512.19,409652506
4,2014-09-25,4540.82,4546.93,4466.64,4466.75,490171745
4,2014-09-24,4514.92,4557.27,4500.13,4555.22,430451707
4,2014-09-23,4511.32,4536.03,4508.42,4508.69,461866531
4,2014-09-22,4568.45,4568.87,4513.12,4527.69,471720265
4,2014-09-19,4606.13,4610.57,4563.44,4579.79,1204975358
4,2014-09-18,4575.74,4593.98,4572.62,4593.42,430259349
4,2014-09-17,4553.96,4582.4,4539.36,4562.19,441012698
4,2014-09-16,4502.11,4558.24,4499.87,4552.76,467051301
4,2014-09-15,4567.45,4567.47,4506.73,4518.9,463548001
4,2014-09-12,4588.77,4590.08,4555.68,4567.6,440811493
4,2014-09-11,4567.64,4591.81,4559.75,4591.81,407418247
4,2014-09-10,4554.15,4587.1,4544.84,4586.52,426461007
4,2014-09-09,4588.83,4599.03,4544.44,4552.28,455939317
4,2014-09-08,4579.06,4600.4,4570.23,4592.28,412628458
4,2014-09-05,4560.63,4583.0,4542.74,4582.9,403415454
4,2014-09-04,4581.52,4603.15,4553.31,4562.29,411001255
4,2014-09-03,4610.14,4610.14,4565.38,4572.56,456168005
4,2014-09-02,4592.42,4598.64,4576.8,4598.19,445938020
4,2014-08-29,4571.76,4580.27,4553.78,4580.27,354026971
4,2014-08-28,4552.55,4565.96,4546.62,4557.69,321026562
4,2014-08-27,4574.35,4575.81,4561.83,4569.62,335937697
4,2014-08-26,4563.81,4575.59,4556.78,4570.64,342626552
4,2014-08-25,4563.72,4571.14,4547.78,4557.35,334626687
4,2014-08-22,4534.87,4547.24,4521.77,4538.55,329971477
4,2014-08-21,4526.72,4534.0,4513.81,4532.1,349356144
4,2014-08-20,4517.75,4533.01,4515.73,4526.48,356527196
4,2014-08-19,4514.25,4528.91,4513.92,4527.51,373136669
4,2014-08-18,4490.53,4509.15,4486.44,4508.31,395420890
4,2014-08-15,4479.64,4482.47,4427.13,4464.93,507502721
4,2014-08-14,4438.13,4453.0,4433.94,4453.0,334040347
4,2014-08-13,4407.86,4434.31,4403.64,4434.12,372804918
4,2014-08-12,4394.69,4407.08,4371.84,4389.25,366687519
4,2014-08-11,4387.38,4415.78,4384.15,4401.33,366751172
4,2014-08-08,4340.88,4373.11,4327.87,4370.9,435748802
4,2014-08-07,4373.24,4379.7,4321.89,4334.97,456471775
4,2014-08-06,4326.28,4378.99,4325.04,4355.05,444294139
4,2014-08-05,4364.59,4383.02,4333.58,4352.83,467508229
4,2014-08-04,4365.62,4395.38,4343.03,4383.89,435811160
4,2014-08-01,4363.39,4385.05,4324.02,4352.64,504645468
4,2014-07-31,4421.29,4430.8,4367.15,4369.77,574243971
4,2014-07-30,4468.44,4476.06,4444.51,4462.9,457156408
4,2014-07-29,4456.07,4470.97,4441.03,4442.7,486031034
4,2014-07-28,4451.12,4455.39,4413.91,4444.91,430752169
4,2014-07-25,4448.06,4457.95,4430.43,4449.56,420142138
4,2014-07-24,4481.61,4485.5,4465.94,4472.11,456082104
4,2014-07-23,4468.16,4480.73,4457.94,4473.7,448406143
4,2014-07-22,4444.94,4464.13,4443.35,4456.02,403351503
4,2014-07-21,4421.2,4432.41,4404.5,4424.7,379183146
4,2014-07-18,4379.94,4434.44,4378.22,4432.15,494557467
4,2014-07-17,4411.52,4425.38,4352.23,4363.45,505574644
4,2014-07-16,4446.17,4448.87,4419.71,4425.97,492605832
4,2014-07-15,4444.91,4451.92,4389.7,4416.39,444638789
4,2014-07-14,4441.39,4451.6,4432.95,4440.42,377890245
4,2014-07-11,4401.05,4417.16,4389.29,4415.49,365719505
4,2014-07-10,4352.03,4415.85,4351.04,4396.2,409739142
4,2014-07-09,4403.03,4421.93,4388.01,4419.03,414255604
4,2014-07-08,4442.87,4443.56,4372.04,4391.46,540900409
4,2014-07-07,4477.74,4478.02,4447.6,4451.53,424546854
4,2014-07-03,4472.89,4485.92,4463.85,4485.92,296073763
4,2014-07-02,4457.86,4466.92,4450.87,4457.73,386494962
4,2014-07-01,4424.71,4471.59,4424.42,4458.65,490573791
4,2014-06-30,4398.37,4417.46,4396.59,4408.18,493488807
4,2014-06-27,4371.8,4398.85,4371.6,4397.93,1126500379
4,2014-06-26,4379.44,4379.8,4347.45,4379.05,360129087
4,2014-06-25,4341.82,4383.55,4339.41,4379.76,422564510
4,2014-06-24,4367.9,4399.87,4342.9,4350.35,482180404
4,2014-06-23,4368.95,4371.81,4358.68,4368.68,424372270
4,2014-06-20,4365.37,4368.8,4354.03,4368.04,1063856686
4,2014-06-19,4370.14,4372.18,4339.61,4359.33,440753001
4,2014-06-18,4341.18,4365.1,4320.54,4362.84,434825918
4,2014-06-17,4316.01,4346.12,4311.15,4337.23,444935415
4,2014-06-16,4303.93,4326.89,4296.26,4321.1,407959422
4,2014-06-13,4315.31,4317.67,4288.41,4310.65,430051804
4,2014-06-12,4323.11,4328.35,4284.53,4297.63,454959185
4,2014-06-11,4322.92,4338.21,4315.49,4331.93,408361362
4,2014-06-10,4329.2,4338.87,4319.93,4338.0,419944457
4,2014-06-09,4324.35,4346.74,4320.28,4336.24,435144951
4,2014-06-06,4312.76,4322.51,4305.74,4321.4,409134204
4,2014-06-05,4259.12,4299.5,4241.68,4296.23,456388142
4,2014-06-04,4222.21,4256.19,4216.23,4251.64,392284080
4,2014-06-03,4222.04,4240.35,4215.8,4234.08,432931727
4,2014-06-02,4247.96,4247.96,4207.61,4237.2,408835188
4,2014-05-30,4251.49,4252.08,4221.95,4242.62,511398388
4,2014-05-29,4238.04,4247.95,4228.96,4247.95,365313673
4,2014-05-28,4234.96,4238.17,4216.89,4225.07,406902973
4,2014-05-27,4206.44,4237.07,4204.72,4237.07,430061587
4,2014-05-23,4159.78,4186.58,4148.3,4185.81,387930489
4,2014-05-22,4136.09,4164.85,4131.47,4154.34,434346797
4,2014-05-21,4105.96,4133.61,4103.61,4131.54,417818765
4,2014-05-20,4121.11,4124.86,4080.61,4096.89,459621152
4,2014-05-19,4080.33,4128.47,4075.7,4125.81,401440129
4,2014-05-16,4070.35,4091.16,4044.27,4090.59,469904925
4,2014-05-15,4096.53,4098.25,4035.96,4069.29,538999814
4,2014-05-14,4122.08,4132.33,4093.83,4100.63,443261695
4,2014-05-13,4144.9,4155.13,4128.01,4130.16,446516179
4,2014-05-12,4092.84,4146.54,4092.09,4143.86,485708347
4,2014-05-09,4043.44,4071.87,4025.24,4071.87,502335277
4,2014-05-08,4053.27,4109.2,4039.91,4051.5,588770204
4,2014-05-07,4085.49,4091.03,4021.05,4067.67,636413790
4,2014-05-06,4128.22,4132.46,4080.76,4080.76,479257620
4,2014-05-05,4099.25,4138.34,4086.35,4138.05,404882872
4,2014-05-02,4138.63,4145.06,4115.89,4123.9,480282290
4,2014-05-01,4121.25,4149.56,4105.61,4127.45,536767855
4,2014-04-30,4085.19,4116.14,4070.62,4114.56,547572268
4,2014-04-29,4089.51,4111.45,4070.24,4103.54,457600277
4,2014-04-28,4091.81,4111.59,4014.17,4074.4,572107314
4,2014-04-25,4125.16,4126.98,4068.1,4075.56,526900403
4,2014-04-24,4174.61,4177.16,4107.52,4148.34,521518455
4,2014-04-23,4160.9,4161.44,4125.41,4126.97,447601994
4,2014-04-22,4132.06,4170.72,4131.61,4161.46,463210641
4,2014-04-21,4105.36,4121.55,4081.91,4121.55,395736066
4,2014-04-17,4080.3,4110.46,4064.7,4095.52,506530720
4,2014-04-16,4066.82,4086.28,4038.81,4086.22,481183607
4,2014-04-15,4032.63,4054.8,3946.03,4034.16,591536066
4,2014-04-14,4038.06,4050.79,3986.5,4022.69,488254089
4,2014-04-11,4015.07,4067.22,3991.63,3999.73,593437519
4,2014-04-10,4181.21,4182.61,4042.76,4054.11,612447153
4,2014-04-09,4129.63,4185.19,4121.17,4183.9,473335982
4,2014-04-08,4085.17,4120.24,4066.11,4112.99,542195562
4,2014-04-07,4110.92,4133.68,4052.14,4079.75,649896919
4,2014-04-04,4263.94,4267.06,4118.71,4127.73,653314482
4,2014-04-03,4282.18,4284.69,4216.57,4237.74,499913641
4,2014-04-02,4281.61,4286.08,4258.86,4276.46,495121125
4,2014-04-01,4219.87,4268.2,4218.77,4268.04,533017259
4,2014-03-31,4185.62,4212.97,4180.54,4198.99,554209745
4,2014-03-28,4163.17,4203.49,4144.69,4155.76,483498914
4,2014-03-27,4169.35,4186.12,4131.81,4151.23,549856762
4,2014-03-26,4254.98,4263.07,4173.58,4173.58,577277841
4,2014-03-25,4252.65,4274.32,4203.64,4234.27,510488567
4,2014-03-24,4289.49,4289.49,4190.61,4226.38,604085636
4,2014-03-21,4339.9,4344.39,4268.34,4276.79,1196283186
4,2014-03-20,4297.99,4329.61,4287.41,4319.29,431123596
4,2014-03-19,4331.46,4334.3,4283.53,4307.6,478152533
4,2014-03-18,4286.22,4334.66,4284.11,4333.31,456460073
4,2014-03-17,4274.21,4301.28,4273.01,4279.95,446411319
4,2014-03-14,4250.45,4272.34,4241.94,4245.4,507677556
4,2014-03-13,4338.25,4339.9,4242.94,4260.42,569831442
4,2014-03-12,4288.6,4323.33,4270.22,4323.33,498612498
4,2014-03-11,4342.93,4354.43,4295.47,4307.19,573275454
4,2014-03-10,4332.62,4339.93,4307.84,4334.45,501326626
4,2014-03-07,4370.98,4371.39,4319.15,4336.22,514042032
4,2014-03-06,4368.81,4371.71,4341.0,4352.12,499172036
4,2014-03-05,4352.76,4362.5,4344.15,4357.97,514259704
4,2014-03-04,4327.85,4357.21,4327.53,4351.97,643054907
4,2014-03-03,4261.42,4284.15,4239.65,4277.3,507664506
4,2014-02-28,4323.52,4342.59,4275.61,4308.12,643341037
4,2014-02-27,4291.47,4322.46,4284.78,4318.93,487350523
4,2014-02-26,4300.45,4316.82,4278.53,4292.06,493193244
4,2014-02-25,4298.48,4307.51,4275.8,4287.59,496242597
4,2014-02-24,4273.32,4311.12,4272.11,4292.97,535265373
4,2014-02-21,4282.17,4284.85,4261.63,4263.41,588209998
4,2014-02-20,4241.46,4272.34,4226.75,4267.54,494500593
4,2014-02-19,4260.74,4274.28,4232.38,4237.95,493762177
4,2014-02-18,4253.71,4277.33,4243.56,4272.78,498367603
4,2014-02-14,4237.0,4250.91,4225.75,4244.02,454926607
4,2014-02-13,4171.58,4240.67,4170.47,4240.67,538007625
4,2014-02-12,4196.85,4212.61,4190.39,4201.29,494536710
4,2014-02-11,4154.65,4198.51,4153.1,4191.04,478476209
4,2014-02-10,4125.12,4148.3,4122.61,4148.17,467906990
4,2014-02-07,4081.82,4126.51,4069.93,4125.86,532897294
4,2014-02-06,4022.66,4064.06,4022.17,4057.12,480953710
4,2014-02-05,4015.5,4026.28,3968.19,4011.55,535254706
4,2014-02-04,4019.44,4044.2,4004.58,4031.52,561045123
4,2014-02-03,4105.06,4113.55,3989.95,3996.96,662967838
4,2014-01-31,4068.63,4124.92,4067.6,4103.88,617344732
4,2014-01-30,4098.81,4135.84,4094.17,4123.12,507585763
4,2014-01-29,4060.61,4091.27,4044.76,4051.43,555450376
4,2014-01-28,4067.86,4099.81,4067.69,4097.96,496487338
4,2014-01-27,4132.22,4136.46,4052.63,4083.61,579539972
4,2014-01-24,4194.97,4197.93,4128.17,4128.17,606957305
4,2014-01-23,4224.36,4224.44,4192.28,4218.87,549535065
4,2014-01-22,4234.58,4246.55,4225.52,4243.0,483035070
4,2014-01-21,4222.98,4227.93,4193.17,4225.76,2034030000
4,2014-01-17,4207.82,4217.24,4187.31,4197.58,619376726
4,2014-01-16,4209.59,4219.28,4204.15,4218.69,459916235
4,2014-01-15,4196.53,4218.79,4195.98,4214.88,491428998
4,2014-01-14,4129.6,4183.84,4125.81,4183.02,470399268
4,2014-01-13,4167.41,4179.47,4097.99,4113.3,549443829
4,2014-01-10,4168.94,4174.67,4142.21,4174.66,483383374
4,2014-01-09,4179.04,4182.74,4142.7,4156.19,520401069
4,2014-01-08,4154.28,4171.75,4145.0,4165.61,545338822
4,2014-01-07,4128.57,4158.18,4126.48,4153.18,513533192
4,2014-01-06,4137.03,4139.78,4103.75,4113.68,526246451
4,2014-01-03,4148.56,4152.96,4124.96,4131.91,381914478
4,2014-01-02,4160.03,4160.96,4131.79,4143.07,428229196
4,2013-12-31,4161.51,4177.73,4160.77,4176.59,353351474
4,2013-12-30,4153.58,4158.73,4142.18,4154.2,305825647
4,2013-12-27,4173.36,4175.36,4153.64,4156.59,283546540
4,2013-12-26,4164.21,4169.97,4158.59,4167.18,279526482
4,2013-12-24,4150.64,4155.62,4147.15,4155.42,190367372
4,2013-12-23,4136.15,4149.3,4127.72,4148.9,424753765
4,2013-12-20,4064.89,4111.93,4064.73,4104.74,1246495944
4,2013-12-19,4059.34,4063.7,4045.41,4058.13,0
4,2013-12-18,4024.67,4070.38,3979.59,4070.06,0
4,2013-12-17,4028.88,4034.69,4011.58,4023.68,0
4,2013-12-16,4019.37,4043.0,4019.14,4029.52,0
4,2013-12-13,4015.53,4017.45,3992.29,4000.98,0
4,2013-12-12,4004.75,4013.54,3993.57,3998.4,0
4,2013-12-11,4061.67,4065.08,3998.92,4003.81,0
4,2013-12-10,4059.55,4074.01,4056.49,4060.49,0
4,2013-12-09,4073.75,4081.78,4063.5,4068.75,0
4,2013-12-06,4069.86,4069.86,4042.35,4062.52,0
4,2013-12-05,4037.99,4043.71,4025.26,4033.16,0
4,2013-12-04,4020.33,4051.73,4004.76,4038.0,0
4,2013-12-03,4038.99,4050.08,4022.12,4037.2,0
4,2013-12-02,4065.66,4068.49,4040.88,4045.26,0
4,2013-11-29,4057.16,4069.7,4055.45,4059.89,0
4,2013-11-27,4026.92,4045.81,4023.65,4044.75,0
4,2013-11-26,3996.7,4026.99,3989.49,4017.75,0
4,2013-11-25,4004.37,4007.09,3987.16,3994.57,0
4,2013-11-22,3977.31,3991.66,3973.0,3991.65,0
4,2013-11-21,3938.11,3970.91,3936.82,3969.15,0
4,2013-11-20,3940.98,3952.08,3911.61,3921.27,0
4,2013-11-19,3945.97,3960.44,3923.47,3931.55,0
4,2013-11-18,3990.06,3994.97,3942.85,3949.07,0
4,2013-11-15,3978.27,3985.97,3969.22,3985.97,0
4,2013-11-14,3956.47,3975.89,3949.01,3972.74,0
4,2013-11-13,3899.38,3965.58,3899.31,3965.58,0
4,2013-11-12,3907.82,3922.27,3902.67,3919.92,0
4,2013-11-11,3913.64,3925.34,3904.72,3919.79,0
4,2013-11-08,3871.24,3919.23,3869.12,3919.23,0
4,2013-11-07,3935.81,3938.33,3855.07,3857.33,0
4,2013-11-06,3952.18,3955.97,3920.91,3931.95,0
4,2013-11-05,3925.06,3947.27,3909.63,3939.86,0
4,2013-11-04,3932.6,3937.5,3919.46,3936.59,0
4,2013-11-01,3932.45,3938.48,3904.2,3922.04,0
4,2013-10-31,3924.34,3945.04,3909.26,3919.71,0
4,2013-10-30,3962.4,3966.71,3919.13,3930.62,0
4,2013-10-29,3954.34,3957.12,3934.94,3952.34,0
4,2013-10-28,3942.56,3947.58,3927.09,3940.13,0
4,2013-10-25,3955.98,3961.1,3927.5,3943.36,0
4,2013-10-24,3911.61,3932.6,3907.54,3928.96,0
4,2013-10-23,3907.3,3911.64,3887.66,3907.07,0
4,2013-10-22,3935.54,3947.67,3904.06,3929.57,0
4,2013-10-21,3922.65,3931.45,3909.91,3920.05,0
4,2013-10-18,3893.36,3914.93,3882.06,3914.28,0
4,2013-10-17,3822.85,3863.49,3821.43,3863.15,0
4,2013-10-16,3815.0,3840.48,3814.15,3839.43,0
4,2013-10-15,3810.72,3824.44,3789.68,3794.01,0
4,2013-10-14,3767.49,3816.41,3766.28,3815.27,0
4,2013-10-11,3753.22,3794.37,3751.38,3791.87,0
4,2013-10-10,3721.58,3764.72,3721.11,3760.75,0
4,2013-10-09,3701.62,3702.15,3650.03,3677.78,0
4,2013-10-08,3772.22,3772.49,3694.15,3694.83,0
4,2013-10-07,3776.64,3800.08,3769.75,3770.38,0
4,2013-10-04,3774.72,3812.86,3773.4,3807.75,0
4,2013-10-03,3809.9,3816.96,3753.17,3774.34,0
4,2013-10-02,3793.11,3819.28,3788.45,3815.02,0
4,2013-10-01,3774.18,3817.98,3774.18,3817.98,0
4,2013-09-30,3737.6,3780.97,3734.74,3771.48,0
4,2013-09-27,3767.9,3788.35,3762.67,3781.59,0
4,2013-09-26,3774.95,3795.72,3772.8,3787.43,0
4,2013-09-25,3772.59,3782.92,3754.94,3761.1,0
4,2013-09-24,3771.6,3789.85,3753.04,3768.25,0
4,2013-09-23,3786.84,3787.14,3745.54,3765.29,0
4,2013-09-20,3796.28,3798.76,3774.12,3774.73,0
4,2013-09-19,3794.7,3798.15,3781.59,3789.38,0
4,2013-09-18,3751.29,3790.7,3737.69,3783.64,0
4,2013-09-17,3725.31,3747.08,3724.26,3745.7,0
4,2013-09-16,3755.0,3756.24,3712.47,3717.85,0
4,2013-09-13,3723.27,3724.73,3701.88,3722.18,0
4,2013-09-12,3724.53,3731.84,3713.08,3715.97,0
4,2013-09-11,3710.79,3726.59,3704.22,3725.01,0
4,2013-09-10,3724.67,3729.38,3716.44,3729.02,0
4,2013-09-09,3675.12,3708.42,3675.12,3706.18,0
4,2013-09-06,3672.82,3677.07,3618.77,3660.01,0
4,2013-09-05,3652.44,3665.01,3651.17,3658.78,0
4,2013-09-04,3619.06,3651.78,3612.22,3649.04,0
4,2013-09-03,3622.64,3637.06,3593.62,3612.61,0
4,2013-08-30,3621.59,3621.78,3581.05,3589.87,0
4,2013-08-29,3587.07,3635.84,3587.07,3620.3,0
4,2013-08-28,3579.11,3607.36,3578.8,3593.35,0
4,2013-08-27,3616.06,3629.95,3573.57,3578.52,0
4,2013-08-26,3661.81,3684.22,3652.26,3657.57,0
4,2013-08-23,3659.21,3660.66,3643.86,3657.79,0
4,2013-08-22,3614.14,3639.21,3613.93,3638.71,0
4,2013-08-21,3603.68,3630.23,3589.02,3599.79,0
4,2013-08-20,3596.77,3625.26,3593.15,3613.59,0
4,2013-08-19,3601.88,3623.48,3589.03,3589.09,0
4,2013-08-16,3603.78,3621.46,3598.65,3602.78,0
4,2013-08-15,3625.36,3626.77,3600.96,3606.12,0
4,2013-08-14,3683.97,3686.55,3668.74,3669.27,0
4,2013-08-13,3675.37,3691.06,3648.82,3684.44,0
4,2013-08-12,3645.78,3673.51,3645.39,3669.95,0
4,2013-08-09,3664.27,3677.83,3649.69,3660.11,0
4,2013-08-08,3672.21,3675.71,3649.64,3669.12,0
4,2013-08-07,3658.53,3663.2,3633.59,3654.01,0
4,2013-08-06,3685.39,3690.32,3654.67,3665.77,0
4,2013-08-05,3682.67,3694.19,3681.34,3692.95,0
4,2013-08-02,3671.11,3689.59,3663.88,3689.59,0
4,2013-08-01,3654.18,3678.5,3653.74,3675.74,0
4,2013-07-31,3627.66,3649.35,3624.77,3626.37,0
4,2013-07-30,3612.36,3629.12,3606.33,3616.47,0
4,2013-07-29,3604.29,3618.86,3592.8,3599.14,0
4,2013-07-26,3584.85,3613.33,3581.26,3613.16,0
4,2013-07-25,3589.46,3606.19,3579.2,3605.19,0
4,2013-07-24,3605.26,3606.28,3573.53,3579.6,0
4,2013-07-23,3606.7,3606.7,3576.96,3579.27,0
4,2013-07-22,3599.87,3601.92,3587.46,3600.39,0
4,2013-07-19,3581.9,3589.05,3578.57,3587.61,0
4,2013-07-18,3610.03,3624.54,3607.09,3611.28,0
4,2013-07-17,3608.13,3615.79,3600.69,3610.0,0
4,2013-07-16,3611.0,3611.35,3589.65,3598.5,0
4,2013-07-15,3601.09,3609.59,3591.54,3607.49,0
4,2013-07-12,3579.58,3600.08,3576.57,3600.08,0
4,2013-07-11,3557.79,3579.29,3552.52,3578.3,0
4,2013-07-10,3502.11,3522.99,3502.0,3520.76,0
4,2013-07-09,3501.25,3508.81,3484.79,3504.26,0
4,2013-07-08,3493.81,3495.51,3475.39,3484.83,0
4,2013-07-05,3468.48,3479.46,3441.78,3479.38,0
4,2013-07-03,3420.27,3455.42,3417.88,3443.67,0
4,2013-07-02,3430.69,3453.29,3415.23,3433.4,0
4,2013-07-01,3430.48,3454.43,3430.31,3434.49,0
4,2013-06-28,3389.3,3422.2,3382.75,3403.25,0
4,2013-06-27,3395.79,3412.79,3395.41,3401.86,0
4,2013-06-26,3375.7,3383.7,3365.48,3376.22,0
4,2013-06-25,3350.59,3358.31,3327.69,3347.89,0
4,2013-06-24,3326.37,3344.66,3294.95,3320.76,0
4,2013-06-21,3367.81,3377.3,3326.86,3357.25,0
4,2013-06-20,3405.14,3412.94,3355.93,3364.63,0
4,2013-06-19,3483.59,3485.45,3443.2,3443.2,0
4,2013-06-18,3456.29,3488.31,3456.09,3482.18,0
4,2013-06-17,3449.97,3468.56,3436.34,3452.13,0
4,2013-06-14,3442.31,3448.4,3419.32,3423.56,0
4,2013-06-13,3398.54,3451.03,3387.61,3445.37,0
4,2013-06-12,3458.14,3459.18,3395.91,3400.43,0
4,2013-06-11,3436.62,3466.57,3426.57,3436.95,0
4,2013-06-10,3475.68,3484.81,3465.54,3473.77,0
4,2013-06-07,3437.84,3471.73,3429.43,3469.22,0
4,2013-06-06,3404.54,3424.05,3378.24,3424.05,0
4,2013-06-05,3432.85,3446.15,3397.91,3401.48,0
4,2013-06-04,3467.02,3482.75,3430.02,3445.26,0
4,2013-06-03,3460.76,3465.84,3419.39,3465.37,0
4,2013-05-31,3478.22,3500.67,3455.84,3455.91,0
4,2013-05-30,3473.21,3503.82,3473.04,3491.3,0
4,2013-05-29,3471.67,3479.53,3450.4,3467.52,0
4,2013-05-28,3497.9,3514.8,3475.39,3488.89,0
4,2013-05-24,3438.28,3459.47,3429.31,3459.14,0
4,2013-05-23,3426.07,3467.13,3422.51,3459.42,0
4,2013-05-22,3503.48,3532.04,3446.96,3463.3,0
4,2013-05-21,3495.46,3512.15,3486.88,3502.12,0
4,2013-05-20,3490.46,3509.41,3488.13,3496.43,0
4,2013-05-17,3483.41,3499.2,3473.04,3498.97,0
4,2013-05-16,3473.16,3485.95,3462.24,3465.24,0
4,2013-05-15,3455.67,3475.48,3452.31,3471.62,0
4,2013-05-14,3439.72,3468.67,3439.72,3462.61,0
4,2013-05-13,3429.53,3447.1,3426.67,3438.79,0
4,2013-05-10,3414.84,3436.6,3411.59,3436.58,0
4,2013-05-09,3408.94,3428.54,3403.43,3409.17,0
4,2013-05-08,3394.89,3413.27,3389.8,3413.27,0
4,2013-05-07,3398.84,3402.24,3381.04,3396.63,0
4,2013-05-06,3382.33,3396.21,3381.44,3392.97,0
4,2013-05-03,3371.41,3388.12,3370.3,3378.63,0
4,2013-05-02,3306.15,3344.9,3305.81,3340.62,0
4,2013-05-01,3325.35,3330.02,3296.51,3299.13,0
4,2013-04-30,3308.05,3328.79,3298.58,3328.79,0
4,2013-04-29,3290.31,3315.34,3289.42,3307.02,0
4,2013-04-26,3284.07,3287.48,3268.03,3279.26,0
4,2013-04-25,3279.82,3301.28,3279.29,3289.99,0
4,2013-04-24,3262.21,3277.12,3255.44,3269.65,0
4,2013-04-23,3252.8,3275.89,3241.52,3269.33,0
4,2013-04-22,3217.4,3241.16,3198.74,3233.55,0
4,2013-04-19,3169.32,3210.03,3168.33,3206.06,0
4,2013-04-18,3212.24,3212.97,3154.96,3166.36,0
4,2013-04-17,3236.25,3236.98,3186.08,3204.67,0
4,2013-04-16,3239.05,3265.84,3231.45,3264.63,0
4,2013-04-15,3277.58,3283.4,3213.46,3216.49,0
4,2013-04-12,3292.39,3296.5,3271.02,3294.95,0
4,2013-04-11,3289.59,3306.95,3287.74,3300.16,0
4,2013-04-10,3246.06,3299.16,3245.8,3297.25,0
4,2013-04-09,3229.81,3249.95,3215.02,3237.86,0
4,2013-04-08,3207.15,3222.26,3195.57,3222.25,0
4,2013-04-05,3174.0,3206.21,3168.88,3203.86,0
4,2013-04-04,3219.11,3226.24,3206.02,3224.98,0
4,2013-04-03,3257.38,3260.15,3210.39,3218.6,0
4,2013-04-02,3252.55,3267.93,3245.41,3254.86,0
4,2013-04-01,3268.63,3270.23,3230.57,3239.17,0
4,2013-03-28,1672.08,3270.3,3253.21,3267.52,0
4,2013-03-27,3230.76,3258.26,3227.02,3256.52,0
4,2013-03-26,3249.95,3252.93,3239.92,3252.48,0
4,2013-03-25,3255.85,3263.63,3222.48,3235.3,0
4,2013-03-22,3235.3,3247.94,3230.86,3245.0,0
4,2013-03-21,3228.17,3237.57,3215.69,3222.6,0
4,2013-03-20,3251.91,3257.99,3240.9,3254.19,0
4,2013-03-19,3246.7,3252.6,3205.42,3229.1,0
4,2013-03-18,3215.71,3249.37,3211.1,3237.59,0
4,2013-03-15,3260.46,3260.62,3242.65,3249.07,0
4,2013-03-14,3253.0,3258.93,3250.24,3258.93,0
4,2013-03-13,3243.04,3251.45,3230.62,3245.12,0
4,2013-03-12,3244.85,3249.78,3229.92,3242.32,0
4,2013-03-11,3237.74,3252.87,3233.67,3252.87,0
4,2013-03-08,3245.85,3248.7,3227.89,3244.37,0
4,2013-03-07,3224.5,3235.1,3221.47,3232.09,0
4,2013-03-06,3233.31,3233.44,3217.67,3222.37,0
4,2013-03-05,3200.38,3227.31,3200.27,3224.13,0
4,2013-03-04,3159.46,3182.27,3154.79,3182.03,0
4,2013-03-01,3143.54,3171.5,3129.4,3169.74,0
4,2013-02-27,3129.72,3177.8,3127.27,3162.26,0
4,2013-02-26,3126.23,3135.57,3105.36,3129.65,0
4,2013-02-25,3180.59,3186.25,3116.25,3116.25,0
4,2013-02-22,3149.09,3161.82,3139.55,3161.82,0
4,2013-02-21,3154.88,3155.19,3118.62,3131.49,0
4,2013-02-20,3211.99,3213.25,3163.95,3164.41,0
4,2013-02-19,3197.46,3213.6,3194.92,3213.59,0
4,2013-02-15,3202.84,3206.21,3184.03,3192.03,0
4,2013-02-14,3182.74,3202.33,3182.39,3198.66,0
4,2013-02-13,3195.34,3205.52,3187.06,3196.88,0
4,2013-02-12,3190.73,3196.92,3184.84,3186.49,0
4,2013-02-11,3192.53,3194.01,3182.19,3192.0,0
4,2013-02-08,3178.06,3196.89,3177.18,3193.87,0
4,2013-02-07,3167.44,3170.42,3135.98,3165.13,0
4,2013-02-06,3159.38,3174.82,3157.35,3168.48,0
4,2013-02-05,3140.9,3178.52,3136.82,3171.58,0
4,2013-02-04,3161.72,3169.63,3130.57,3131.17,0
4,2013-02-01,3162.94,3183.14,3154.91,3179.1,0
4,2013-01-31,3140.67,3154.18,3136.82,3142.13,0
4,2013-01-30,3157.43,3164.06,3135.83,3142.31,0
4,2013-01-29,3149.62,3156.94,3133.11,3153.66,0
4,2013-01-28,3152.17,3161.83,3144.89,3154.3,0
4,2013-01-25,3140.65,3156.2,3135.86,3149.71,0
4,2013-01-24,3125.67,3153.56,3124.45,3130.38,0
4,2013-01-23,3155.82,3161.06,3149.74,3153.67,0
4,2013-01-22,3135.63,3143.18,3121.54,3143.18,0
4,2013-01-18,3127.91,3134.73,3119.2,3134.71,0
4,2013-01-17,3130.49,3144.05,3125.79,3136.0,0
4,2013-01-16,3110.72,3124.65,3106.79,3117.54,0
4,2013-01-15,3101.06,3112.29,3093.32,3110.78,0
4,2013-01-14,3113.65,3123.48,3104.08,3117.5,0
4,2013-01-11,3122.12,3126.59,3114.1,3125.63,0
4,2013-01-10,3125.64,3127.72,3098.47,3121.76,0
4,2013-01-09,3099.65,3111.22,3096.34,3105.81,0
4,2013-01-08,3098.46,3103.39,3076.6,3091.81,0
4,2013-01-07,3089.17,3102.35,3083.88,3098.81,0
4,2013-01-04,3100.88,3108.44,3090.81,3101.66,0
4,2013-01-03,3108.49,3118.18,3092.28,3100.57,0
4,2013-01-02,3091.33,3112.65,3083.49,3112.26,0
4,2012-12-31,2955.45,3021.41,2953.52,3019.51,0
4,2012-12-28,2965.12,2985.47,2959.37,2960.31,0
4,2012-12-27,2989.87,2993.66,2951.04,2985.91,0
4,2012-12-26,3013.13,3018.65,2983.35,2990.16,0
4,2012-12-24,3013.89,3016.18,3008.53,3012.6,0
4,2012-12-21,2998.6,3022.19,2995.13,3021.01,0
4,2012-12-20,3050.3,3053.53,3034.15,3050.39,0
4,2012-12-19,3059.03,3061.82,3044.36,3044.36,0
4,2012-12-18,3020.82,3056.65,3016.4,3054.53,0
4,2012-12-17,2975.5,3011.22,2973.54,3010.6,0
4,2012-12-14,2976.95,2985.33,2963.8,2971.33,0
4,2012-12-13,3007.83,3026.51,2982.63,2992.16,0
4,2012-12-12,3033.93,3035.19,3008.49,3013.81,0
4,2012-12-11,3005.43,3033.14,3003.82,3022.3,0
4,2012-12-10,2973.19,2997.64,2971.56,2986.96,0
4,2012-12-07,2999.69,3003.27,2968.82,2978.04,0
4,2012-12-06,2967.99,2996.53,2962.02,2989.27,0
4,2012-12-05,2993.2,2994.73,2958.26,2973.7,0
4,2012-12-04,3000.44,3002.9,2980.93,2996.69,0
4,2012-12-03,3029.21,3030.28,2999.57,3002.2,0
4,2012-11-30,3013.25,3014.25,2999.72,3010.24,0
4,2012-11-29,3005.41,3017.18,2996.3,3012.03,0
4,2012-11-28,2952.02,2992.17,2935.88,2991.78,0
4,2012-11-27,2974.56,2985.32,2965.13,2967.79,0
4,2012-11-26,2961.02,2976.93,2951.73,2976.78,0
4,2012-11-23,2943.62,2967.19,2940.68,2966.85,0
4,2012-11-21,2919.14,2928.17,2912.42,2926.55,0
4,2012-11-20,2910.73,2919.96,2893.38,2916.68,0
4,2012-11-19,2886.0,2916.07,2884.75,2916.07,0
4,2012-11-16,2838.9,2859.57,2810.8,2853.13,0
4,2012-11-15,2847.84,2855.64,2826.75,2836.94,0
4,2012-11-14,2896.81,2900.1,2842.86,2846.81,0
4,2012-11-13,2880.77,2909.0,2877.06,2883.89,0
4,2012-11-12,2916.38,2920.01,2896.55,2904.26,0
4,2012-11-09,2892.57,2931.11,2889.81,2904.87,0
4,2012-11-08,2942.09,2949.7,2895.58,2895.58,0
4,2012-11-07,2976.46,2977.81,2926.79,2937.29,0
4,2012-11-06,3003.71,3024.44,2998.93,3011.93,0
4,2012-11-05,2983.03,3004.87,2975.85,2999.66,0
4,2012-11-02,3033.85,3033.85,2981.69,2982.13,0
4,2012-11-01,2987.54,3021.94,2984.22,3020.06,0
4,2012-10-31,2986.85,2989.7,2964.94,2977.23,0
4,2012-10-26,2986.05,2999.14,2961.16,2987.95,0
4,2012-10-25,3005.04,3007.71,2975.98,2986.12,0
4,2012-10-24,3011.82,3012.95,2978.73,2981.7,0
4,2012-10-23,2989.44,3006.59,2974.07,2990.46,0
4,2012-10-22,3005.92,3020.61,2995.78,3016.96,0
4,2012-10-19,3066.56,3066.56,3000.27,3005.62,0
4,2012-10-18,3097.77,3102.56,3065.24,3072.87,0
4,2012-10-17,3091.38,3112.45,3088.05,3104.12,0
4,2012-10-16,3073.21,3102.97,3070.25,3101.17,0
4,2012-10-15,3053.21,3066.31,3037.27,3064.18,0
4,2012-10-12,3049.08,3061.77,3039.58,3044.11,0
4,2012-10-11,3075.89,3078.08,3047.14,3049.41,0
4,2012-10-10,3066.25,3071.57,3046.78,3051.78,0
4,2012-10-09,3108.01,3108.01,3062.52,3065.02,0
4,2012-10-08,3121.33,3125.49,3107.57,3112.35,0
4,2012-10-05,3161.21,3171.46,3130.76,3136.19,0
4,2012-10-04,3142.38,3153.48,3132.56,3149.46,0
4,2012-10-03,3130.85,3142.36,3115.04,3135.23,0
4,2012-10-02,3127.73,3131.64,3101.64,3120.04,0
4,2012-10-01,3130.31,3146.99,3103.89,3113.53,0
4,2012-09-28,3125.31,3132.51,3109.91,3116.23,0
4,2012-09-27,3105.87,3142.02,3098.46,3136.6,0
4,2012-09-26,3113.4,3114.54,3080.28,3093.7,0
4,2012-09-25,3170.37,3176.3,3117.73,3117.73,0
4,2012-09-24,3155.35,3167.74,3150.71,3160.78,0
4,2012-09-21,3194.86,3196.93,3178.09,3179.96,0
4,2012-09-20,3166.84,3178.45,3156.46,3175.96,0
4,2012-09-19,3179.04,3189.35,3170.29,3182.62,0
4,2012-09-18,3173.62,3179.37,3169.41,3177.8,0
4,2012-09-17,3183.4,3183.4,3168.63,3178.67,0
4,2012-09-14,3166.24,3195.67,3164.26,3183.95,0
4,2012-09-13,3117.66,3167.63,3112.62,3155.83,0
4,2012-09-12,3115.33,3120.12,3098.82,3114.31,0
4,2012-09-11,3105.02,3117.86,3099.1,3104.53,0
4,2012-09-10,3129.34,3133.89,3102.76,3104.02,0
4,2012-09-07,3133.22,3139.61,3128.17,3136.42,0
4,2012-09-06,3087.94,3135.81,3087.67,3135.81,0
4,2012-09-05,3072.58,3082.75,3062.54,3069.27,0
4,2012-09-04,3063.25,3082.26,3040.24,3075.06,0
4,2012-08-31,3069.64,3078.52,3040.59,3066.96,0
4,2012-08-30,3066.73,3067.54,3045.92,3048.71,0
4,2012-08-29,3078.05,3087.24,3067.62,3081.19,0
4,2012-08-28,3069.4,3083.19,3063.65,3077.14,0
4,2012-08-27,3083.62,3085.81,3068.13,3073.19,0
4,2012-08-24,3045.22,3076.8,3042.22,3069.79,0
4,2012-08-23,3065.82,3070.34,3045.52,3053.4,0
4,2012-08-22,3059.94,3080.73,3053.43,3073.67,0
4,2012-08-21,3085.25,3100.54,3058.74,3067.26,0
4,2012-08-20,3072.66,3076.21,3059.9,3076.21,0
4,2012-08-17,3067.11,3076.72,3060.15,3076.59,0
4,2012-08-16,3037.18,3067.44,3033.28,3062.39,0
4,2012-08-15,3013.33,3032.06,3013.33,3030.93,0
4,2012-08-14,3032.67,3034.16,3009.93,3016.98,0
4,2012-08-13,3018.27,3023.03,2999.12,3022.52,0
4,2012-08-10,3008.83,3020.86,3003.38,3020.86,0
4,2012-08-09,3009.86,3022.69,3007.3,3018.64,0
4,2012-08-08,3003.77,3018.9,3002.41,3011.25,0
4,2012-08-07,3002.66,3028.61,3002.09,3015.86,0
4,2012-08-06,2978.16,3000.24,2974.23,2989.91,0
4,2012-08-03,2951.28,2977.41,2945.81,2967.9,0
4,2012-08-02,2900.46,2934.65,2890.85,2909.77,0
4,2012-08-01,2956.72,2958.28,2917.78,2920.21,0
4,2012-07-31,2945.08,2959.62,2938.41,2939.52,0
4,2012-07-30,2959.07,2970.3,2939.04,2945.84,0
4,2012-07-27,2906.5,2961.87,2900.98,2958.09,0
4,2012-07-26,2896.68,2905.57,2876.01,2893.25,0
4,2012-07-25,2856.78,2870.22,2839.76,2854.24,0
4,2012-07-24,2894.95,2896.56,2847.22,2862.99,0
4,2012-07-23,2877.51,2898.05,2852.88,2890.15,0
4,2012-07-20,2957.02,2957.02,2925.3,2925.3,0
4,2012-07-19,2961.71,2976.22,2952.42,2965.9,0
4,2012-07-18,2904.24,2951.3,2902.95,2942.6,0
4,2012-07-17,2911.46,2916.61,2871.65,2910.04,0
4,2012-07-16,2903.03,2910.2,2888.01,2896.94,0
4,2012-07-13,2874.06,2913.28,2873.39,2908.47,0
4,2012-07-12,2867.08,2876.32,2837.72,2866.19,0
4,2012-07-11,2898.77,2905.51,2866.53,2887.98,0
4,2012-07-10,2945.35,2953.47,2891.42,2902.33,0
4,2012-07-09,2934.49,2942.99,2919.04,2931.77,0
4,2012-07-06,2955.2,2957.5,2921.37,2937.33,0
4,2012-07-05,2970.37,2987.94,2958.3,2976.12,0
4,2012-07-03,2950.81,2976.08,2948.4,2976.08,0
4,2012-07-02,2938.41,2951.23,2925.71,2951.23,0
4,2012-06-29,2902.44,2935.13,2895.6,2935.05,0
4,2012-06-28,2853.89,2855.74,2818.19,2849.49,0
4,2012-06-27,2862.13,2882.4,2860.13,2875.32,0
4,2012-06-26,2845.4,2862.15,2832.02,2854.06,0
4,2012-06-25,2863.89,2863.89,2829.23,2836.16,0
4,2012-06-22,2866.17,2894.35,2863.93,2892.42,0
4,2012-06-21,2929.15,2930.93,2857.1,2859.09,0
4,2012-06-20,2932.96,2942.28,2910.0,2930.45,0
4,2012-06-19,2909.87,2940.23,2908.45,2929.76,0
4,2012-06-18,2872.49,2903.03,2853.86,2895.33,0
4,2012-06-15,2839.4,2874.38,2837.94,2872.8,0
4,2012-06-14,2820.63,2842.31,2807.55,2836.33,0
4,2012-06-13,2838.12,2853.17,2810.59,2818.61,0
4,2012-06-12,2815.84,2843.67,2802.38,2843.07,0
4,2012-06-11,2882.49,2882.96,2806.9,2809.73,0
4,2012-06-08,2823.82,2860.94,2814.8,2858.42,0
4,2012-06-07,2872.05,2873.59,2827.82,2831.02,0
4,2012-06-06,2796.23,2844.72,2796.23,2844.72,0
4,2012-06-05,2749.35,2781.97,2749.34,2778.11,0
4,2012-06-04,2747.61,2769.93,2726.68,2760.01,0
4,2012-06-01,2810.13,2810.13,2747.24,2747.48,0
4,2012-05-31,2837.37,2842.43,2801.96,2827.34,0
4,2012-05-30,2847.27,2847.27,2825.64,2837.36,0
4,2012-05-29,2853.27,2882.83,2846.68,2870.99,0
4,2012-05-25,2839.74,2846.31,2829.76,2837.53,0
4,2012-05-24,2856.55,2858.24,2817.62,2839.38,0
4,2012-05-23,2832.17,2855.35,2795.5,2850.12,0
4,2012-05-22,2853.87,2867.34,2823.22,2839.08,0
4,2012-05-21,2782.55,2848.83,2774.76,2847.21,0
4,2012-05-18,2814.43,2827.28,2774.45,2778.79,0
4,2012-05-17,2874.71,2879.22,2813.69,2813.69,0
4,2012-05-16,2904.67,2913.9,2872.25,2874.04,0
4,2012-05-15,2902.3,2930.68,2889.39,2893.76,0
4,2012-05-14,2907.78,2924.89,2898.9,2902.58,0
4,2012-05-11,2919.35,2960.38,2918.74,2933.82,0
4,2012-05-10,2950.21,2950.21,2923.14,2933.64,0
4,2012-05-09,2912.41,2948.77,2900.18,2934.71,0
4,2012-05-08,2939.36,2952.65,2900.06,2946.27,0
4,2012-05-07,2940.41,2970.2,2939.21,2957.76,0
4,2012-05-04,3001.15,3001.48,2956.34,2956.34,0
4,2012-05-03,3061.13,3061.38,3016.2,3024.3,0
4,2012-05-02,3035.07,3061.47,3028.94,3059.85,0
4,2012-05-01,3044.79,3085.4,3041.62,3050.44,0
4,2012-04-30,3060.06,3063.66,3043.25,3046.36,0
4,2012-04-27,3060.34,3076.44,3043.3,3069.2,0
4,2012-04-26,3029.62,3056.77,3027.79,3050.61,0
4,2012-04-25,3013.65,3031.41,3010.57,3029.63,0
4,2012-04-24,2967.37,2979.08,2950.38,2961.6,0
4,2012-04-23,2969.0,2973.38,2946.04,2970.45,0
4,2012-04-20,3023.73,3034.69,2999.01,3000.45,0
4,2012-04-19,3028.2,3058.72,2994.94,3007.56,0
4,2012-04-18,3031.82,3045.04,3023.91,3031.45,0
4,2012-04-17,3002.02,3052.76,2999.49,3042.82,0
4,2012-04-16,3027.57,3027.57,2975.87,2988.4,0
4,2012-04-13,3045.08,3045.42,3010.77,3011.33,0
4,2012-04-12,3023.11,3059.26,3020.44,3055.55,0
4,2012-04-11,3020.15,3030.51,3008.75,3016.46,0
4,2012-04-10,3044.67,3055.2,2987.0,2991.22,0
4,2012-04-09,3037.28,3058.76,3032.22,3047.08,0
4,2012-04-05,3061.75,3083.38,3061.14,3080.5,0
4,2012-04-04,3085.46,3086.35,3052.58,3068.09,0
4,2012-04-03,3119.65,3128.25,3097.41,3113.57,0
4,2012-04-02,3085.94,3123.03,3079.78,3119.7,0
4,2012-03-30,3110.97,3111.55,3079.05,3091.57,0
4,2012-03-29,3087.25,3099.8,3069.81,3095.36,0
4,2012-03-28,3123.84,3130.56,3086.93,3104.96,0
4,2012-03-27,3124.06,3134.17,3119.03,3120.35,0
4,2012-03-26,3090.52,3122.57,3090.05,3122.57,0
4,2012-03-23,3066.37,3070.93,3044.67,3067.92,0
4,2012-03-22,3055.0,3068.5,3050.7,3063.32,0
4,2012-03-21,3077.44,3090.08,3069.09,3075.32,0
4,2012-03-20,3060.93,3078.72,3050.82,3074.15,0
4,2012-03-19,3057.24,3087.1,3050.89,3078.32,0
4,2012-03-16,3058.49,3060.82,3047.69,3055.26,0
4,2012-03-15,3048.58,3059.81,3037.82,3056.37,0
4,2012-03-14,3042.21,3051.37,3024.73,3040.73,0
4,2012-03-13,3003.71,3039.89,2996.46,3039.88,0
4,2012-03-12,2989.05,2994.1,2973.65,2983.66,0
4,2012-03-09,2975.09,2993.98,2973.96,2988.34,0
4,2012-03-08,2954.4,2976.05,2945.73,2970.42,0
4,2012-03-07,2922.57,2940.28,2920.54,2935.69,0
4,2012-03-06,2917.52,2921.77,2900.28,2910.32,0
4,2012-03-05,2969.73,2973.93,2940.52,2950.48,0
4,2012-03-02,2986.08,2995.97,2968.0,2976.19,0
4,2012-03-01,2979.11,2996.37,2974.59,2988.97,0
4,2012-02-29,2991.67,3000.11,2961.77,2966.89,0
4,2012-02-28,2969.25,2988.59,2966.61,2986.76,0
4,2012-02-27,2945.87,2976.08,2933.3,2966.16,0
4,2012-02-24,2963.13,2970.88,2958.82,2963.75,0
4,2012-02-23,2933.16,2958.42,2922.96,2956.98,0
4,2012-02-22,2942.77,2950.37,2929.68,2933.17,0
4,2012-02-21,2957.3,2965.05,2934.07,2948.57,0
4,2012-02-17,2958.22,2962.78,2941.55,2951.78,0
4,2012-02-16,2915.67,2961.38,2912.72,2959.85,0
4,2012-02-15,2943.42,2958.19,2911.33,2915.83,0
4,2012-02-14,2921.7,2932.08,2911.6,2931.83,0
4,2012-02-13,2926.21,2933.93,2913.89,2931.39,0
4,2012-02-10,2902.0,2910.98,2895.1,2903.88,0
4,2012-02-09,2922.46,2930.68,2904.51,2927.23,0
4,2012-02-08,2906.59,2918.26,2892.71,2915.86,0
4,2012-02-07,2895.91,2910.27,2885.17,2904.08,0
4,2012-02-06,2892.52,2903.03,2887.33,2901.99,0
4,2012-02-03,2888.95,2908.13,2885.84,2905.66,0
4,2012-02-02,2854.1,2868.23,2849.4,2859.68,0
4,2012-02-01,2830.1,2855.73,2825.19,2848.27,0
4,2012-01-31,2825.76,2830.45,2798.77,2813.84,0
4,2012-01-30,2790.4,2816.85,2782.44,2811.94,0
4,2012-01-27,2797.66,2821.55,2797.24,2816.55,0
4,2012-01-26,2828.78,2834.3,2794.78,2805.28,0
4,2012-01-25,2803.23,2822.79,2788.95,2818.31,0
4,2012-01-24,2771.58,2788.38,2766.34,2786.64,0
4,2012-01-23,2786.21,2804.99,2769.82,2784.17,0
4,2012-01-20,2776.04,2787.2,2775.87,2786.7,0
4,2012-01-19,2779.74,2793.35,2777.17,2788.33,0
4,2012-01-18,2731.16,2769.71,2730.05,2769.71,0
4,2012-01-17,2736.34,2742.73,2721.03,2728.08,0
4,2012-01-13,2707.41,2712.93,2689.58,2710.67,0
4,2012-01-12,2716.87,2726.43,2697.32,2724.7,0
4,2012-01-11,2695.77,2714.29,2690.73,2710.76,0
4,2012-01-10,2704.42,2712.5,2694.33,2702.5,0
4,2012-01-09,2682.98,2683.78,2662.96,2676.56,0
4,2012-01-06,2671.17,2682.12,2658.83,2674.22,0
4,2012-01-05,2642.57,2673.56,2631.23,2669.86,0
4,2012-01-04,2639.9,2653.18,2627.23,2648.36,0
4,2012-01-03,2657.39,2665.9,2641.98,2648.72,0
4,2011-12-30,2610.23,2616.46,2604.6,2605.15,0
4,2011-12-29,2596.33,2614.87,2593.04,2613.74,0
4,2011-12-28,2626.19,2626.34,2586.85,2589.98,0
4,2011-12-27,2613.51,2633.34,2610.77,2625.2,0
4,2011-12-23,2607.43,2618.84,2599.89,2618.64,0
4,2011-12-22,2584.33,2601.99,2581.92,2599.45,0
4,2011-12-21,2589.77,2590.61,2544.66,2577.97,0
4,2011-12-20,2567.25,2604.52,2566.87,2603.73,0
4,2011-12-19,2564.07,2570.65,2518.01,2523.14,0
4,2011-12-16,2554.62,2585.42,2548.0,2555.33,0
4,2011-12-15,2565.93,2565.94,2536.58,2541.01,0
4,2011-12-14,2566.21,2568.44,2525.88,2539.31,0
4,2011-12-13,2629.67,2639.74,2568.44,2579.27,0
4,2011-12-12,2617.32,2617.32,2591.42,2612.26,0
4,2011-12-09,2603.18,2653.46,2603.18,2646.85,0
4,2011-12-08,2633.3,2645.92,2592.55,2596.38,0
4,2011-12-07,2638.61,2660.24,2612.8,2649.21,0
4,2011-12-06,2655.02,2663.63,2639.18,2649.56,0
4,2011-12-05,2666.47,2674.53,2641.59,2655.76,0
4,2011-12-02,2650.8,2659.23,2625.07,2626.93,0
4,2011-12-01,2615.67,2636.08,2611.48,2626.2,0
4,2011-11-30,2586.39,2620.34,2582.49,2620.34,0
4,2011-11-29,2529.11,2542.46,2508.27,2515.51,0
4,2011-11-28,2509.63,2531.32,2507.72,2527.34,0
4,2011-11-25,2453.03,2477.03,2441.48,2441.51,0
4,2011-11-23,2501.18,2503.38,2460.08,2460.08,0
4,2011-11-22,2517.64,2534.4,2499.19,2521.28,0
4,2011-11-21,2535.34,2539.87,2500.89,2523.14,0
4,2011-11-18,2595.02,2595.84,2567.15,2572.5,0
4,2011-11-17,2637.37,2637.48,2576.22,2587.99,0
4,2011-11-16,2661.09,2688.86,2637.91,2639.61,0
4,2011-11-15,2647.91,2695.87,2644.0,2686.2,0
4,2011-11-14,2671.11,2682.13,2647.48,2657.22,0
4,2011-11-11,2653.53,2684.67,2649.85,2678.75,0
4,2011-11-10,2652.01,2652.4,2601.79,2625.15,0
4,2011-11-09,2662.56,2672.34,2617.93,2621.65,0
4,2011-11-08,2712.08,2730.39,2680.93,2727.49,0
4,2011-11-07,2683.38,2697.02,2649.06,2695.25,0
4,2011-11-04,2678.16,2693.67,2655.12,2686.15,0
4,2011-11-03,2666.21,2699.84,2628.22,2697.97,0
4,2011-11-02,2637.56,2648.46,2613.74,2639.98,0
4,2011-11-01,2607.31,2638.6,2597.16,2606.96,0
4,2011-10-31,2705.89,2716.7,2684.13,2684.41,0
4,2011-10-28,2724.03,2742.27,2723.03,2737.15,0
4,2011-10-27,2720.59,2753.37,2694.27,2738.63,0
4,2011-10-26,2660.42,2666.29,2598.74,2650.67,0
4,2011-10-25,2685.86,2685.88,2633.94,2638.42,0
4,2011-10-24,2644.83,2703.07,2643.94,2699.44,0
4,2011-10-21,2630.3,2646.92,2611.11,2637.46,0
4,2011-10-20,2605.42,2606.39,2557.17,2598.62,0
4,2011-10-19,2642.89,2651.88,2597.77,2604.04,0
4,2011-10-18,2614.05,2667.57,2586.31,2657.43,0
4,2011-10-17,2653.32,2658.25,2606.91,2614.92,0
4,2011-10-14,2655.23,2667.85,2636.0,2667.85,0
4,2011-10-13,2595.05,2625.22,2588.71,2620.24,0
4,2011-10-12,2606.61,2629.49,2602.31,2604.73,0
4,2011-10-11,2554.7,2587.28,2551.94,2583.03,0
4,2011-10-10,2522.72,2566.05,2519.78,2566.05,0
4,2011-10-07,2509.61,2512.14,2468.6,2479.35,0
4,2011-10-06,2459.05,2507.44,2446.72,2506.82,0
4,2011-10-05,2398.37,2466.5,2380.96,2460.51,0
4,2011-10-04,2312.68,2406.67,2298.89,2404.82,0
4,2011-10-03,2401.19,2430.88,2335.23,2335.83,0
4,2011-09-30,2444.77,2468.98,2415.07,2415.4,0
4,2011-09-29,2535.52,2538.97,2433.58,2480.76,0
4,2011-09-28,2557.86,2569.79,2491.07,2491.58,0
4,2011-09-27,2560.78,2590.94,2532.65,2546.83,0
4,2011-09-26,2496.98,2518.91,2446.12,2516.69,0
4,2011-09-23,2438.63,2490.72,2438.28,2483.23,0
4,2011-09-21,2601.06,2613.29,2537.46,2538.19,0
4,2011-09-20,2623.89,2643.37,2589.52,2590.24,0
4,2011-09-19,2584.35,2627.34,2564.46,2612.83,0
4,2011-09-16,2607.12,2627.28,2600.96,2622.31,0
4,2011-09-15,2595.45,2608.95,2569.78,2607.07,0
4,2011-09-14,2548.45,2600.78,2519.8,2572.55,0
4,2011-09-13,2502.59,2537.4,2494.07,2532.15,0
4,2011-09-12,2442.86,2495.36,2438.4,2495.09,0
4,2011-09-09,2508.12,2518.4,2452.93,2467.99,0
4,2011-09-08,2533.81,2568.45,2520.8,2529.14,0
4,2011-09-07,2511.5,2548.94,2507.52,2548.94,0
4,2011-09-06,2417.61,2477.77,2414.31,2473.83,0
4,2011-09-02,2497.28,2512.78,2469.35,2480.33,0
4,2011-09-01,2583.34,2604.5,2543.56,2546.04,0
4,2011-08-31,2589.75,2611.58,2557.74,2579.46,0
4,2011-08-30,2547.07,2589.53,2534.68,2576.11,0
4,2011-08-29,2510.99,2562.58,2510.13,2562.11,0
4,2011-08-26,2408.79,2486.04,2385.27,2479.85,0
4,2011-08-25,2470.96,2482.9,2415.24,2419.63,0
4,2011-08-24,2437.48,2470.8,2420.48,2467.69,0
4,2011-08-23,2360.95,2446.06,2349.08,2446.06,0
4,2011-08-22,2396.88,2397.34,2337.28,2345.38,0
4,2011-08-19,2353.32,2415.18,2338.66,2341.84,0
4,2011-08-18,2436.38,2437.01,2362.97,2380.43,0
4,2011-08-17,2527.79,2549.11,2488.09,2511.48,0
4,2011-08-16,2526.48,2546.74,2494.55,2523.45,0
4,2011-08-15,2522.04,2555.2,2514.52,2555.2,0
4,2011-08-12,2507.01,2524.09,2481.5,2507.98,0
4,2011-08-11,2415.54,2516.39,2399.56,2492.68,0
4,2011-08-10,2425.55,2461.28,2378.08,2381.05,0
4,2011-08-09,2402.13,2483.66,2331.65,2482.52,0
4,2011-08-08,2447.3,2489.39,2357.69,2357.69,0
4,2011-08-05,2580.3,2592.04,2464.87,2532.41,0
4,2011-08-04,2648.38,2653.79,2556.38,2556.39,0
4,2011-08-03,2673.97,2695.37,2621.67,2693.07,0
4,2011-08-02,2728.29,2745.87,2668.68,2669.24,0
4,2011-08-01,2791.45,2796.24,2716.3,2744.61,0
4,2011-07-29,2736.67,2780.58,2724.99,2756.38,0
4,2011-07-28,2765.61,2800.11,2757.85,2766.25,0
4,2011-07-27,2823.62,2823.86,2761.0,2764.79,0
4,2011-07-26,2842.74,2851.72,2832.27,2839.96,0
4,2011-07-25,2832.11,2859.4,2828.91,2842.8,0
4,2011-07-22,2834.46,2862.72,2830.58,2858.83,0
4,2011-07-21,2818.79,2847.41,2807.71,2834.43,0
4,2011-07-20,2839.39,2839.65,2808.18,2814.23,0
4,2011-07-19,2790.98,2828.65,2790.98,2826.52,0
4,2011-07-18,2777.61,2783.76,2743.79,2765.11,0
4,2011-07-15,2787.33,2790.16,2768.28,2789.8,0
4,2011-07-14,2804.82,2817.38,2755.9,2762.67,0
4,2011-07-13,2800.88,2825.86,2789.57,2796.92,0
4,2011-07-12,2798.75,2807.57,2780.16,2781.91,0
4,2011-07-11,2828.1,2841.12,2795.54,2802.62,0
4,2011-07-08,2841.29,2860.02,2831.16,2859.81,0
4,2011-07-07,2856.25,2878.94,2853.9,2872.66,0
4,2011-07-06,2821.42,2838.85,2812.8,2834.02,0
4,2011-07-05,2817.87,2828.53,2810.0,2825.77,0
4,2011-07-01,2775.08,2818.19,2769.06,2816.03,0
4,2011-06-30,2749.37,2776.56,2749.11,2773.52,0
4,2011-06-29,2736.76,2746.62,2722.26,2740.49,0
4,2011-06-28,2694.26,2729.94,2692.45,2729.31,0
4,2011-06-27,2653.07,2697.34,2647.55,2688.28,0
4,2011-06-24,2681.1,2682.41,2647.46,2652.89,0
4,2011-06-23,2638.6,2688.07,2627.47,2686.75,0
4,2011-06-22,2677.18,2693.23,2668.35,2669.19,0
4,2011-06-21,2640.33,2688.5,2634.04,2687.26,0
4,2011-06-20,2608.05,2636.55,2607.74,2629.66,0
4,2011-06-17,2646.29,2648.54,2608.99,2616.48,0
4,2011-06-16,2631.98,2642.65,2599.86,2623.7,0
4,2011-06-15,2653.17,2669.75,2625.86,2631.46,0
4,2011-06-14,2662.73,2685.65,2662.73,2678.72,0
4,2011-06-13,2649.3,2657.77,2629.61,2639.69,0
4,2011-06-10,2675.1,2676.72,2641.64,2643.73,0
4,2011-06-09,2678.52,2696.69,2670.02,2684.87,0
4,2011-06-08,2693.69,2698.08,2671.09,2675.38,0
4,2011-06-07,2712.79,2723.32,2701.17,2701.56,0
4,2011-06-06,2728.31,2736.66,2702.2,2702.56,0
4,2011-06-03,2740.49,2762.56,2730.63,2732.78,0
4,2011-06-02,2773.76,2784.57,2759.17,2773.31,0
4,2011-06-01,2829.39,2834.05,2767.63,2769.19,0
4,2011-05-31,2824.25,2835.34,2808.6,2835.3,0
4,2011-05-27,2789.02,2801.15,2788.29,2796.86,0
4,2011-05-26,2756.31,2787.33,2756.06,2782.92,0
4,2011-05-25,2739.99,2771.38,2739.85,2761.38,0
4,2011-05-24,2766.7,2767.5,2744.01,2746.16,0
4,2011-05-23,2761.96,2770.51,2750.64,2758.9,0
4,2011-05-20,2815.96,2821.44,2796.27,2803.32,0
4,2011-05-19,2824.05,2828.41,2805.12,2823.31,0
4,2011-05-18,2782.65,2817.15,2780.83,2815.0,0
4,2011-05-17,2769.17,2783.61,2759.29,2783.21,0
4,2011-05-16,2815.9,2828.14,2779.54,2782.31,0
4,2011-05-13,2859.7,2861.51,2827.51,2828.47,0
4,2011-05-12,2833.67,2865.86,2819.37,2863.04,0
4,2011-05-11,2867.16,2874.61,2829.68,2845.06,0
4,2011-05-10,2851.91,2873.64,2850.01,2871.89,0
4,2011-05-09,2828.24,2850.39,2823.67,2843.25,0
4,2011-05-06,2840.71,2859.25,2818.65,2827.56,0
4,2011-05-05,2812.84,2845.85,2804.82,2814.72,0
4,2011-05-04,2842.92,2848.16,2808.79,2828.23,0
4,2011-05-03,2859.3,2861.95,2825.5,2841.62,0
4,2011-05-02,2881.28,2887.75,2859.84,2864.08,0
4,2011-04-29,2869.74,2876.83,2863.04,2873.54,0
4,2011-04-28,2862.82,2874.59,2859.62,2872.53,0
4,2011-04-27,2853.88,2870.8,2842.61,2869.88,0
4,2011-04-26,2832.48,2856.61,2829.0,2847.54,0
4,2011-04-25,2820.28,2826.26,2813.2,2825.88,0
4,2011-04-21,2820.77,2820.77,2808.55,2820.16,0
4,2011-04-20,2788.84,2802.99,2785.98,2802.51,0
4,2011-04-19,2741.35,2746.18,2727.12,2744.97,0
4,2011-04-18,2731.22,2737.46,2706.5,2735.38,0
4,2011-04-15,2752.87,2769.29,2743.75,2764.65,0
4,2011-04-14,2743.12,2762.18,2733.68,2760.22,0
4,2011-04-13,2762.69,2772.05,2744.85,2761.52,0
4,2011-04-12,2755.89,2760.62,2737.07,2744.79,0
4,2011-04-11,2789.49,2792.95,2760.84,2771.51,0
4,2011-04-08,2806.29,2808.56,2771.42,2780.42,0
4,2011-04-07,2799.59,2813.22,2781.13,2796.14,0
4,2011-04-06,2808.11,2815.55,2786.8,2799.82,0
4,2011-04-05,2787.78,2806.2,2785.27,2791.19,0
4,2011-04-04,2796.26,2799.73,2778.87,2789.19,0
4,2011-04-01,2796.67,2802.63,2779.71,2789.6,0
4,2011-03-31,2774.23,2783.98,2769.52,2781.07,0
4,2011-03-30,2772.36,2779.95,2763.77,2776.79,0
4,2011-03-29,2727.83,2756.89,2720.19,2756.89,0
4,2011-03-28,2752.33,2754.63,2730.68,2730.68,0
4,2011-03-25,2746.34,2762.55,2740.17,2743.06,0
4,2011-03-24,2715.88,2740.39,2703.42,2736.42,0
4,2011-03-23,2677.56,2704.3,2660.17,2698.3,0
4,2011-03-22,2692.13,2695.46,2679.41,2683.87,0
4,2011-03-21,2675.47,2699.7,2674.99,2692.09,0
4,2011-03-18,2665.54,2665.56,2639.76,2643.67,0
4,2011-03-17,2656.08,2660.5,2634.17,2636.05,0
4,2011-03-16,2652.92,2669.27,2603.5,2616.82,0
4,2011-03-15,2619.4,2680.57,2618.5,2667.33,0
4,2011-03-14,2695.66,2715.22,2682.09,2700.97,0
4,2011-03-11,2689.65,2724.61,2689.41,2715.61,0
4,2011-03-10,2719.29,2721.21,2695.08,2701.02,0
4,2011-03-09,2756.34,2761.77,2737.68,2751.72,0
4,2011-03-08,2745.23,2775.41,2729.85,2765.77,0
4,2011-03-07,2793.19,2794.82,2724.51,2745.63,0
4,2011-03-04,2797.64,2798.07,2768.12,2784.67,0
4,2011-03-03,2774.48,2802.32,2774.48,2798.74,0
4,2011-03-02,2735.05,2763.95,2734.08,2748.07,0
4,2011-03-01,2791.08,2791.23,2730.72,2737.41,0
4,2011-02-28,2791.28,2798.43,2767.61,2782.27,0
4,2011-02-25,2752.16,2781.12,2751.81,2781.05,0
4,2011-02-24,2726.59,2745.29,2707.63,2737.9,0
4,2011-02-23,2755.2,2761.7,2705.54,2722.99,0
4,2011-02-22,2795.44,2808.18,2752.75,2756.42,0
4,2011-02-18,2833.35,2840.51,2823.65,2833.95,0
4,2011-02-17,2816.12,2835.2,2815.08,2831.58,0
4,2011-02-16,2815.09,2828.19,2811.52,2825.56,0
4,2011-02-15,2809.02,2813.13,2798.83,2804.35,0
4,2011-02-14,2810.19,2819.87,2808.27,2817.18,0
4,2011-02-11,2783.16,2810.56,2778.21,2809.44,0
4,2011-02-10,2764.76,2791.43,2762.34,2790.45,0
4,2011-02-09,2791.13,2798.91,2780.89,2789.07,0
4,2011-02-08,2782.41,2797.05,2776.35,2797.05,0
4,2011-02-07,2773.26,2796.5,2772.81,2783.99,0
4,2011-02-04,2755.85,2769.7,2747.86,2769.3,0
4,2011-02-03,2746.74,2757.54,2725.78,2753.88,0
4,2011-02-02,2744.68,2758.51,2743.76,2750.16,0
4,2011-02-01,2717.61,2755.97,2716.64,2751.19,0
4,2011-01-31,2693.3,2706.3,2676.87,2700.08,0
4,2011-01-28,2755.28,2755.28,2679.57,2686.89,0
4,2011-01-27,2745.16,2763.64,2740.3,2755.28,0
4,2011-01-26,2724.52,2746.03,2717.63,2739.5,0
4,2011-01-25,2704.25,2719.34,2697.51,2719.25,0
4,2011-01-24,2693.03,2719.73,2687.97,2717.55,0
4,2011-01-21,2716.92,2722.74,2688.53,2689.54,0
4,2011-01-20,2712.4,2714.1,2686.59,2704.29,0
4,2011-01-19,2762.81,2764.35,2717.79,2725.36,0
4,2011-01-18,2744.8,2766.17,2744.26,2765.85,0
4,2011-01-14,2732.48,2755.3,2729.62,2755.3,0
4,2011-01-13,2734.93,2742.43,2727.14,2735.29,0
4,2011-01-12,2731.45,2737.33,2722.32,2737.33,0
4,2011-01-11,2719.6,2722.75,2706.58,2716.83,0
4,2011-01-10,2691.47,2712.32,2682.25,2707.8,0
4,2011-01-07,2712.75,2715.96,2676.36,2703.17,0
4,2011-01-06,2704.38,2712.35,2697.73,2709.89,0
4,2011-01-05,2673.91,2702.2,2671.89,2702.2,0
4,2011-01-04,2699.86,2700.88,2663.64,2681.25,0
4,2011-01-03,2676.65,2704.86,2676.34,2691.52,0
4,2010-12-31,2660.58,2662.39,2649.04,2652.87,0
4,2010-12-30,2665.68,2671.11,2661.83,2662.98,0
4,2010-12-29,2667.18,2671.23,2664.51,2666.93,0
4,2010-12-28,2671.85,2673.02,2658.21,2662.88,0
4,2010-12-27,2657.09,2670.57,2645.38,2667.27,0
4,2010-12-23,2667.42,2671.63,2661.17,2665.6,0
4,2010-12-22,2669.0,2675.26,2666.63,2671.48,0
4,2010-12-21,2658.94,2669.01,2655.95,2667.61,0
4,2010-12-20,2651.98,2658.8,2634.56,2649.56,0
4,2010-12-17,2643.35,2651.35,2637.08,2642.97,0
4,2010-12-16,2620.56,2639.68,2613.72,2637.31,0
4,2010-12-15,2625.81,2643.11,2613.15,2617.22,0
4,2010-12-14,2631.34,2636.85,2621.05,2627.72,0
4,2010-12-13,2645.35,2645.79,2624.56,2624.91,0
4,2010-12-10,2623.28,2639.41,2615.42,2637.54,0
4,2010-12-09,2623.15,2624.84,2606.24,2616.67,0
4,2010-12-08,2604.57,2612.37,2592.89,2609.16,0
4,2010-12-07,2623.15,2623.6,2597.45,2598.49,0
4,2010-12-06,2591.28,2599.19,2584.09,2594.92,0
4,2010-12-03,2569.02,2593.68,2567.88,2591.46,0
4,2010-12-02,2553.68,2580.59,2551.82,2579.35,0
4,2010-12-01,2535.19,2558.29,2535.19,2549.43,0
4,2010-11-30,2497.12,2510.71,2488.61,2498.23,0
4,2010-11-29,2522.24,2531.03,2496.83,2525.22,0
4,2010-11-26,2525.91,2541.49,2522.4,2534.56,0
4,2010-11-24,0.0,0.0,0.0,0.0,0
4,2010-11-23,2504.21,2510.09,2483.16,2494.95,0
4,2010-11-22,2509.39,2532.02,2501.3,2532.02,0
4,2010-11-19,2510.79,2520.94,2499.92,2518.12,0
4,2010-11-18,2504.41,2526.83,2502.5,2514.4,0
4,2010-11-17,2471.27,2486.16,2467.19,2476.01,0
4,2010-11-16,2494.21,2503.29,2459.79,2469.84,0
4,2010-11-15,2529.02,2534.56,2512.29,2513.82,0
4,2010-11-12,2540.47,2552.24,2506.4,2518.21,0
4,2010-11-11,2534.24,2559.99,2524.12,2555.52,0
4,2010-11-10,2564.31,2578.78,2545.46,2578.78,0
4,2010-11-09,2587.08,2592.94,2552.93,2562.98,0
4,2010-11-08,2570.86,2583.3,2566.78,2580.05,0
4,2010-11-05,2577.63,2582.18,2568.78,2578.98,0
4,2010-11-04,2569.27,2579.62,2564.05,2577.34,0
4,2010-11-03,2532.83,2541.42,2511.31,2540.27,0
4,2010-11-02,2525.94,2534.88,2518.29,2533.52,0
4,2010-11-01,2520.45,2532.37,2491.46,2504.84,0
4,2010-10-29,2505.99,2517.5,2505.86,2507.41,0
4,2010-10-28,2516.16,2516.2,2489.76,2507.37,0
4,2010-10-27,2484.09,2505.35,2478.01,2503.26,0
4,2010-10-26,2476.51,2503.03,2470.12,2497.29,0
4,2010-10-25,2491.62,2507.03,2490.11,2490.85,0
4,2010-10-22,2461.6,2479.39,2459.43,2479.39,0
4,2010-10-21,2470.72,2482.14,2436.34,2459.67,0
4,2010-10-20,2443.2,2469.72,2441.07,2457.39,0
4,2010-10-19,2442.21,2462.95,2422.14,2436.95,0
4,2010-10-18,2470.12,2480.95,2462.55,2480.66,0
4,2010-10-15,2461.7,2468.77,2438.03,2468.77,0
4,2010-10-14,2441.21,2445.85,2422.07,2435.38,0
4,2010-10-13,2432.55,2452.54,2426.52,2441.23,0
4,2010-10-12,2397.7,2421.79,2379.39,2417.92,0
4,2010-10-11,2403.46,2413.03,2397.57,2402.33,0
4,2010-10-08,2384.76,2406.67,2370.53,2401.91,0
4,2010-10-07,2391.63,2392.74,2368.25,2383.67,0
4,2010-10-06,2395.16,2399.13,2368.43,2380.66,0
4,2010-10-05,2368.52,2402.42,2366.06,2399.83,0
4,2010-10-04,2362.25,2370.87,2332.46,2344.52,0
4,2010-10-01,2386.82,2389.45,2359.32,2370.75,0
4,2010-09-30,2390.96,2400.06,2354.22,2368.62,0
4,2010-09-29,2372.37,2382.15,2366.19,2376.56,0
4,2010-09-28,2373.13,2383.67,2339.5,2379.59,0
4,2010-09-27,2379.73,2386.01,2368.65,2369.77,0
4,2010-09-24,2356.26,2381.22,2353.5,2381.22,0
4,2010-09-23,2316.71,2353.79,2316.11,2327.08,0
4,2010-09-22,2339.91,2355.91,2323.55,2334.55,0
4,2010-09-21,2355.27,2366.76,2341.82,2349.35,0
4,2010-09-20,2322.8,2358.9,2317.89,2355.83,0
4,2010-09-17,2318.42,2320.37,2301.82,2315.61,0
4,2010-09-16,2297.51,2304.95,2288.71,2303.25,0
4,2010-09-15,2283.17,2304.6,2276.32,2301.32,0
4,2010-09-14,2281.31,2302.57,2274.57,2289.77,0
4,2010-09-13,2263.8,2289.49,2263.69,2285.71,0
4,2010-09-10,2239.08,2246.6,2229.12,2242.48,0
4,2010-09-09,2251.09,2251.98,2229.8,2236.2,0
4,2010-09-08,2216.07,2237.42,2215.9,2228.87,0
4,2010-09-07,2227.26,2231.28,2206.62,2208.89,0
4,2010-09-03,2227.96,2235.57,2213.56,2233.75,0
4,2010-09-02,2178.99,2200.01,2173.71,2200.01,0
4,2010-09-01,2142.75,2177.5,2141.95,2176.84,0
4,2010-08-31,2109.76,2128.9,2101.52,2114.03,0
4,2010-08-30,2145.76,2154.47,2119.93,2119.97,0
4,2010-08-27,2134.16,2154.99,2099.29,2153.63,0
4,2010-08-26,2148.49,2154.32,2116.82,2118.69,0
4,2010-08-25,2109.15,2148.35,2102.26,2141.54,0
4,2010-08-24,2131.0,2144.2,2113.71,2123.76,0
4,2010-08-23,2188.34,2200.52,2159.44,2159.63,0
4,2010-08-20,2172.26,2182.67,2159.54,2179.76,0
4,2010-08-19,2204.8,2211.73,2168.74,2178.95,0
4,2010-08-18,2205.3,2228.9,2196.11,2215.7,0
4,2010-08-17,2197.09,2225.08,2193.42,2209.44,0
4,2010-08-16,2161.31,2193.84,2155.66,2181.87,0
4,2010-08-13,2183.09,2190.27,2173.48,2173.48,0
4,2010-08-12,2164.64,2197.97,2163.07,2190.27,0
4,2010-08-11,2236.93,2236.93,2204.94,2208.63,0
4,2010-08-10,2280.06,2290.51,2261.5,2277.17,0
4,2010-08-09,2298.81,2309.43,2289.03,2305.69,0
4,2010-08-06,2267.42,2291.15,2253.92,2288.47,0
4,2010-08-05,2291.22,2298.86,2281.68,2293.06,0
4,2010-08-04,2291.09,2305.07,2283.21,2303.57,0
4,2010-08-03,2291.75,2295.03,2272.33,2283.52,0
4,2010-08-02,2283.32,2299.24,2274.27,2295.36,0
4,2010-07-30,2227.29,2264.81,2218.61,2254.7,0
4,2010-07-29,2279.07,2282.94,2228.52,2251.69,0
4,2010-07-28,2284.62,2292.24,2257.76,2264.56,0
4,2010-07-27,2306.62,2307.6,2280.72,2288.25,0
4,2010-07-26,2271.62,2296.43,2262.96,2296.43,0
4,2010-07-23,2234.34,2269.47,2227.5,2269.47,0
4,2010-07-22,2216.04,2251.42,2216.04,2245.89,0
4,2010-07-21,2236.13,2236.37,2183.22,2187.33,0
4,2010-07-20,2165.35,2222.61,2159.95,2222.49,0
4,2010-07-19,2185.81,2201.29,2171.2,2198.23,0
4,2010-07-16,2231.71,2236.66,2177.51,2179.05,0
4,2010-07-15,2247.76,2253.33,2218.92,2249.08,0
4,2010-07-14,2246.99,2260.33,2235.15,2249.84,0
4,2010-07-13,2221.25,2248.16,2212.97,2242.03,0
4,2010-07-12,2194.12,2213.39,2183.52,2198.36,0
4,2010-07-09,2174.2,2196.95,2170.76,2196.45,0
4,2010-07-08,2174.96,2181.3,2150.19,2175.4,0
4,2010-07-07,2099.66,2159.79,2098.11,2159.47,0
4,2010-07-06,2122.28,2136.3,2077.77,2093.88,0
4,2010-07-02,2105.5,2110.66,2077.71,2091.79,0
4,2010-07-01,2110.75,2117.94,2061.14,2101.36,0
4,2010-06-30,2134.03,2153.36,2105.26,2109.24,0
4,2010-06-29,2183.92,2185.3,2122.67,2135.18,0
4,2010-06-28,2227.43,2241.64,2208.37,2220.65,0
4,2010-06-25,2224.73,2240.88,2205.92,2223.48,0
4,2010-06-24,2246.2,2247.42,2213.5,2217.42,0
4,2010-06-23,2264.41,2271.74,2236.99,2254.23,0
4,2010-06-22,2296.83,2313.72,2259.59,2261.8,0
4,2010-06-21,2341.11,2341.11,2277.73,2289.09,0
4,2010-06-18,2308.94,2321.99,2301.48,2309.8,0
4,2010-06-17,2316.59,2318.27,2288.59,2307.16,0
4,2010-06-16,2293.56,2317.75,2290.26,2305.93,0
4,2010-06-15,2256.48,2307.98,2256.44,2305.88,0
4,2010-06-14,2263.66,2278.96,2242.0,2243.96,0
4,2010-06-11,2199.4,2243.6,2196.91,2243.6,0
4,2010-06-10,2188.71,2219.65,2185.98,2218.71,0
4,2010-06-09,2184.78,2208.65,2152.67,2158.85,0
4,2010-06-08,2176.07,2183.1,2139.46,2170.57,0
4,2010-06-07,2226.6,2232.89,2172.25,2173.9,0
4,2010-06-04,2257.05,2278.58,2212.3,2219.17,0
4,2010-06-03,2285.76,2307.47,2274.88,2303.03,0
4,2010-06-02,2234.59,2281.07,2221.07,2281.07,0
4,2010-06-01,2244.79,2277.39,2220.89,2222.33,0
4,2010-05-28,2275.19,2277.1,2241.52,2257.04,0
4,2010-05-27,2244.82,2278.37,2239.72,2277.68,0
4,2010-05-26,2226.24,2257.33,2190.44,2195.88,0
4,2010-05-25,2157.45,2211.94,2140.53,2210.95,0
4,2010-05-24,2220.6,2244.67,2212.37,2213.55,0
4,2010-05-21,2169.58,2243.0,2165.79,2229.04,0
4,2010-05-20,2245.56,2253.04,2203.5,2204.01,0
4,2010-05-19,2307.78,2324.99,2270.62,2298.37,0
4,2010-05-18,2372.84,2374.91,2309.22,2317.26,0
4,2010-05-17,2352.77,2364.65,2304.28,2354.23,0
4,2010-05-14,2373.88,2374.53,2323.63,2346.85,0
4,2010-05-13,2416.36,2434.29,2387.59,2394.36,0
4,2010-05-12,2388.64,2426.47,2384.69,2425.02,0
4,2010-05-11,2347.7,2405.26,2345.5,2375.31,0
4,2010-05-10,2365.97,2379.87,2349.4,2374.67,0
4,2010-05-07,2308.71,2330.65,2228.06,2265.64,0
4,2010-05-06,2391.21,2407.79,2185.75,2319.64,0
4,2010-05-05,2395.21,2421.05,2382.07,2402.29,0
4,2010-05-04,2465.55,2465.55,2411.28,2424.25,0
4,2010-05-03,2472.32,2503.0,2472.32,2498.74,0
4,2010-04-30,2509.99,2514.37,2461.09,2461.19,0
4,2010-04-29,2487.33,2513.69,2483.5,2511.92,0
4,2010-04-28,2483.03,2484.15,2456.63,2471.73,0
4,2010-04-27,2512.58,2525.7,2466.53,2471.47,0
4,2010-04-26,2529.85,2535.28,2521.51,2522.95,0
4,2010-04-23,2514.85,2530.15,2507.6,2530.15,0
4,2010-04-22,2483.52,2521.02,2468.26,2519.07,0
4,2010-04-21,2506.61,2510.5,2490.19,2504.61,0
4,2010-04-20,2492.72,2501.25,2480.7,2500.31,0
4,2010-04-19,2477.8,2487.67,2451.72,2480.11,0
4,2010-04-16,2505.38,2510.06,2467.68,2481.26,0
4,2010-04-15,2503.41,2517.82,2502.51,2515.69,0
4,2010-04-14,2481.8,2504.86,2480.43,2504.86,0
4,2010-04-13,2454.95,2467.94,2445.26,2465.99,0
4,2010-04-12,2455.4,2463.17,2450.15,2457.87,0
4,2010-04-09,2441.31,2454.12,2432.93,2454.05,0
4,2010-04-08,2423.99,2441.12,2413.74,2436.81,0
4,2010-04-07,2433.1,2442.27,2418.73,2431.16,0
4,2010-04-06,2420.33,2443.5,2417.77,2436.81,0
4,2010-04-05,2409.48,2429.61,2403.88,2429.53,0
4,2010-04-01,2411.68,2423.43,2383.77,2402.58,0
4,2010-03-31,2402.98,2415.44,2395.34,2397.96,0
4,2010-03-30,2406.69,2417.36,2395.8,2410.69,0
4,2010-03-29,2403.77,2411.18,2398.4,2404.36,0
4,2010-03-26,2406.73,2412.92,2384.69,2395.13,0
4,2010-03-25,2415.24,2432.25,2397.36,2397.41,0
4,2010-03-24,2406.72,2408.64,2396.92,2398.76,0
4,2010-03-23,2397.9,2416.51,2390.04,2415.24,0
4,2010-03-22,2360.35,2401.21,2358.0,2395.4,0
4,2010-03-19,2391.2,2396.92,2364.53,2374.41,0
4,2010-03-18,2387.54,2393.87,2383.26,2391.28,0
4,2010-03-17,2381.65,2400.09,2381.47,2389.09,0
4,2010-03-16,2367.32,2378.84,2360.67,2378.01,0
4,2010-03-15,2361.92,2367.4,2345.99,2362.21,0
4,2010-03-12,2376.07,2376.28,2358.08,2367.66,0
4,2010-03-11,2351.11,2368.46,2347.53,2368.46,0
4,2010-03-10,2340.95,2361.66,2340.69,2358.95,0
4,2010-03-09,2325.78,2353.07,2325.74,2340.68,0
4,2010-03-08,2326.25,2335.43,2326.11,2332.21,0
4,2010-03-05,2304.01,2327.03,2301.1,2326.35,0
4,2010-03-04,2282.57,2293.16,2273.63,2292.31,0
4,2010-03-03,2284.82,2293.32,2275.25,2280.68,0
4,2010-03-02,2279.07,2292.49,2275.35,2280.79,0
4,2010-03-01,2247.4,2274.02,2247.33,2273.57,0
4,2010-02-26,2234.44,2242.83,2222.23,2238.26,0
4,2010-02-25,2208.62,2236.21,2198.73,2234.22,0
4,2010-02-24,2222.4,2241.69,2221.28,2235.9,0
4,2010-02-23,2238.01,2239.8,2205.7,2213.44,0
4,2010-02-22,2250.92,2251.68,2235.65,2242.03,0
4,2010-02-19,2233.33,2249.8,2228.93,2243.87,0
4,2010-02-18,2223.22,2243.5,2221.14,2241.71,0
4,2010-02-17,2222.87,2226.32,2212.78,2226.29,0
4,2010-02-16,2200.38,2214.19,2189.18,2214.19,0
4,2010-02-12,2157.69,2184.57,2151.99,2183.53,0
4,2010-02-11,2145.09,2179.54,2134.14,2177.41,0
4,2010-02-10,2147.46,2156.36,2131.08,2147.87,0
4,2010-02-09,2153.1,2166.16,2132.58,2150.87,0
4,2010-02-08,2140.1,2152.64,2125.11,2126.05,0
4,2010-02-05,2131.92,2142.27,2100.17,2141.12,0
4,2010-02-04,2176.39,2178.25,2125.43,2125.43,0
4,2010-02-03,2181.01,2194.53,2176.75,2190.91,0
4,2010-02-02,2171.66,2193.66,2161.47,2190.06,0
4,2010-02-01,2155.81,2171.2,2152.26,2171.2,0
4,2010-01-29,2198.26,2202.84,2140.34,2147.35,0
4,2010-01-28,2220.31,2220.87,2166.9,2179.0,0
4,2010-01-27,2200.3,2225.67,2192.59,2221.41,0
4,2010-01-26,2203.44,2227.89,2195.44,2203.73,0
4,2010-01-25,2220.29,2223.22,2201.17,2210.8,0
4,2010-01-22,2255.76,2262.27,2200.37,2205.29,0
4,2010-01-21,2298.23,2308.98,2259.82,2265.7,0
4,2010-01-20,2304.31,2304.47,2268.68,2291.25,0
4,2010-01-19,2291.02,2320.4,2290.68,2320.4,0
4,2010-01-15,2316.98,2322.54,2279.2,2287.99,0
4,2010-01-14,2303.31,2322.56,2303.29,2316.74,0
4,2010-01-13,2289.46,2313.03,2274.12,2307.9,0
4,2010-01-12,2297.28,2298.85,2272.7,2282.31,0
4,2010-01-11,2324.78,2326.28,2302.21,2312.41,0
4,2010-01-08,2292.24,2317.6,2290.61,2317.17,0
4,2010-01-07,2298.09,2301.3,2285.22,2300.05,0
4,2010-01-06,2307.71,2314.07,2295.68,2301.09,0
4,2010-01-05,2307.27,2313.73,2295.62,2308.71,0
4,2010-01-04,2294.41,2311.15,2294.41,2308.42,0
4,2009-12-31,2292.92,2293.59,2269.11,2269.15,0
4,2009-12-30,2284.56,2293.02,2280.16,2291.28,0
4,2009-12-29,2293.94,2294.75,2286.57,2288.4,0
4,2009-12-28,2290.04,2295.8,2280.56,2291.08,0
4,2009-12-24,2273.95,2285.89,2273.4,2285.69,0
4,2009-12-23,2257.21,2271.33,2253.67,2269.64,0
4,2009-12-22,2242.61,2253.73,2241.33,2252.67,0
4,2009-12-21,2224.04,2242.22,2224.04,2237.66,0
4,2009-12-18,2197.57,2213.18,2190.69,2211.69,0
4,2009-12-17,2193.5,2198.51,2178.05,2180.05,0
4,2009-12-16,2210.35,2220.46,2203.33,2206.91,0
4,2009-12-15,2203.54,2217.63,2197.76,2201.05,0
4,2009-12-14,2202.31,2212.56,2193.2,2212.1,0
4,2009-12-11,2200.96,2202.4,2179.51,2190.31,0
4,2009-12-10,2194.9,2202.84,2187.08,2190.86,0
4,2009-12-09,2170.02,2185.7,2155.96,2183.73,0
4,2009-12-08,2174.72,2187.19,2160.43,2172.99,0
4,2009-12-07,2191.35,2201.42,2183.13,2189.61,0
4,2009-12-04,2203.75,2214.39,2169.66,2194.35,0
4,2009-12-03,2190.42,2203.75,2172.04,2173.14,0
4,2009-12-02,2178.51,2198.55,2177.82,2185.03,0
4,2009-12-01,2162.23,2182.24,2162.23,2175.81,0
4,2009-11-30,2135.93,2146.93,2120.7,2144.6,0
4,2009-11-27,2115.96,2155.41,2113.99,2138.44,0
4,2009-11-25,2174.0,2178.62,2170.06,2176.05,0
4,2009-11-24,2174.69,2175.15,2155.22,2169.18,0
4,2009-11-23,2168.95,2189.5,2168.77,2176.01,0
4,2009-11-20,2145.07,2150.08,2137.06,2146.04,0
4,2009-11-19,2176.37,2176.51,2141.59,2156.82,0
4,2009-11-18,2199.87,2200.15,2180.17,2193.14,0
4,2009-11-17,2190.12,2203.78,2185.55,2203.78,0
4,2009-11-16,2177.31,2205.32,2177.0,2197.85,0
4,2009-11-13,2156.68,2172.05,2145.92,2167.88,0
4,2009-11-12,2166.98,2179.19,2145.83,2149.02,0
4,2009-11-11,2166.53,2177.91,2155.25,2166.9,0
4,2009-11-10,2147.24,2160.64,2141.27,2151.08,0
4,2009-11-09,2128.46,2154.06,2128.15,2154.06,0
4,2009-11-06,2089.49,2117.62,2088.24,2112.44,0
4,2009-11-05,2078.83,2105.32,2075.61,2105.32,0
4,2009-11-04,2067.56,2081.1,2053.0,2055.52,0
4,2009-11-03,2034.09,2057.32,2031.25,2057.32,0
4,2009-11-02,2047.42,2069.49,2024.27,2049.2,0
4,2009-10-30,2091.56,2095.09,2040.21,2045.11,0
4,2009-10-29,2077.04,2101.33,2071.3,2097.55,0
4,2009-10-28,2103.36,2111.84,2057.4,2059.61,0
4,2009-10-27,2144.15,2148.88,2110.91,2116.09,0
4,2009-10-26,2158.81,2183.61,2136.92,2141.85,0
4,2009-10-23,2186.64,2190.48,2149.35,2154.47,0
4,2009-10-22,2146.72,2169.17,2130.7,2165.29,0
4,2009-10-21,2160.78,2190.64,2148.41,2150.73,0
4,2009-10-20,2180.43,2181.16,2151.77,2163.47,0
4,2009-10-19,2162.41,2180.11,2150.42,2176.32,0
4,2009-10-16,2164.73,2164.73,2142.88,2156.8,0
4,2009-10-15,2164.33,2173.29,2158.29,2173.29,0
4,2009-10-14,2165.83,2173.95,2157.48,2172.23,0
4,2009-10-13,2138.7,2146.35,2128.44,2139.89,0
4,2009-10-12,2145.63,2155.92,2128.39,2139.14,0
4,2009-10-09,2120.0,2139.62,2118.04,2139.28,0
4,2009-10-08,2124.69,2139.65,2116.06,2123.93,0
4,2009-10-07,2099.06,2110.33,2095.94,2110.33,0
4,2009-10-06,2080.4,2111.13,2079.49,2103.57,0
4,2009-10-05,2056.52,2074.78,2049.04,2068.15,0
4,2009-10-02,2040.84,2064.15,2040.73,2048.11,0
4,2009-10-01,2111.77,2112.9,2057.48,2057.48,0
4,2009-09-30,2131.3,2137.87,2092.3,2122.42,0
4,2009-09-29,2131.67,2141.4,2116.63,2124.04,0
4,2009-09-28,2101.92,2140.04,2101.43,2130.74,0
4,2009-09-25,2095.84,2106.99,2085.35,2090.92,0
4,2009-09-24,2140.06,2142.49,2097.1,2107.61,0
4,2009-09-23,2152.43,2167.7,2130.34,2131.42,0
4,2009-09-22,2150.02,2150.68,2137.39,2146.3,0
4,2009-09-21,2121.34,2142.41,2118.48,2138.04,0
4,2009-09-18,2134.85,2138.82,2120.7,2132.86,0
4,2009-09-17,2129.42,2140.6,2118.5,2126.75,0
4,2009-09-16,2110.06,2133.15,2102.86,2133.15,0
4,2009-09-15,2090.33,2106.93,2086.16,2102.64,0
4,2009-09-14,2066.15,2091.78,2065.8,2091.78,0
4,2009-09-11,2083.34,2088.93,2070.02,2080.9,0
4,2009-09-10,2059.48,2084.02,2055.49,2084.02,0
4,2009-09-09,2038.92,2066.34,2033.47,2060.39,0
4,2009-09-08,2034.74,2038.63,2023.03,2037.77,0
4,2009-09-04,1986.98,2018.92,1982.05,2018.78,0
4,2009-09-03,1975.85,1983.37,1958.04,1983.2,0
4,2009-09-02,1960.07,1976.35,1958.51,1967.07,0
4,2009-09-01,2001.3,2034.78,1965.48,1968.89,0
4,2009-08-31,2011.14,2013.65,1997.53,2009.06,0
4,2009-08-28,2050.53,2059.48,2017.42,2028.77,0
4,2009-08-27,2021.31,2029.27,1993.03,2027.73,0
4,2009-08-26,2021.3,2034.31,2013.52,2024.43,0
4,2009-08-25,2025.59,2040.59,2019.17,2024.23,0
4,2009-08-24,2026.11,2036.03,2012.0,2017.98,0
4,2009-08-21,2000.15,2021.86,1994.33,2020.9,0
4,2009-08-20,1967.57,1992.22,1965.69,1989.22,0
4,2009-08-19,1933.39,1972.32,1931.91,1969.24,0
4,2009-08-18,1940.55,1958.71,1935.33,1955.92,0
4,2009-08-17,1949.23,1949.23,1929.64,1930.84,0
4,2009-08-14,2005.79,2006.73,1969.68,1985.52,0
4,2009-08-13,2009.27,2013.43,1986.87,2009.35,0
4,2009-08-12,1970.95,2015.26,1970.25,1998.72,0
4,2009-08-11,1985.06,1986.85,1962.08,1969.73,0
4,2009-08-10,1991.44,1999.55,1979.39,1992.24,0
4,2009-08-07,1997.0,2012.33,1984.5,2000.25,0
4,2009-08-06,1999.21,2004.37,1967.68,1973.16,0
4,2009-08-05,2014.45,2014.45,1980.68,1993.05,0
4,2009-08-04,1996.38,2015.59,1993.74,2011.31,0
4,2009-08-03,1998.35,2008.61,1985.88,2008.61,0
4,2009-07-31,1980.72,1995.05,1977.65,1978.5,0
4,2009-07-30,1986.21,2009.81,1980.08,1984.3,0
4,2009-07-29,1965.32,1970.65,1953.36,1967.76,0
4,2009-07-28,1957.26,1978.43,1947.89,1975.51,0
4,2009-07-27,1964.62,1971.38,1946.95,1967.89,0
4,2009-07-24,1943.23,1966.26,1937.64,1965.96,0
4,2009-07-23,1924.96,1979.34,1924.77,1973.6,0
4,2009-07-22,1908.83,1934.61,1907.25,1926.38,0
4,2009-07-21,1917.39,1917.46,1892.17,1916.2,0
4,2009-07-20,1896.99,1909.89,1890.0,1909.29,0
4,2009-07-17,1880.31,1887.34,1873.81,1886.61,0
4,2009-07-16,1856.05,1887.89,1854.7,1885.03,0
4,2009-07-15,1827.61,1863.29,1824.31,1862.9,0
4,2009-07-14,1790.7,1800.73,1782.85,1799.73,0
4,2009-07-13,1761.03,1793.21,1736.95,1793.21,0
4,2009-07-10,1744.61,1764.11,1738.26,1756.03,0
4,2009-07-09,1756.97,1763.63,1747.44,1752.55,0
4,2009-07-08,1756.0,1757.67,1727.05,1747.17,0
4,2009-07-07,1787.44,1788.97,1745.38,1746.17,0
4,2009-07-06,1783.5,1793.42,1770.11,1787.4,0
4,2009-07-02,1823.69,1823.91,1795.95,1796.52,0
4,2009-07-01,1846.12,1861.62,1843.79,1845.72,0
4,2009-06-30,1845.47,1854.69,1824.95,1835.04,0
4,2009-06-29,1842.09,1854.09,1825.03,1844.06,0
4,2009-06-26,1819.16,1840.98,1816.84,1838.22,0
4,2009-06-25,1783.19,1829.67,1779.18,1829.54,0
4,2009-06-24,1780.88,1807.08,1780.25,1792.34,0
4,2009-06-23,1771.42,1777.58,1753.78,1764.92,0
4,2009-06-22,1809.53,1810.58,1765.85,1766.19,0
4,2009-06-19,1824.99,1837.58,1817.07,1827.47,0
4,2009-06-18,1809.04,1816.6,1795.74,1807.72,0
4,2009-06-17,1799.22,1824.2,1785.34,1808.06,0
4,2009-06-16,1825.2,1831.18,1795.55,1796.18,0
4,2009-06-15,1837.94,1838.33,1803.07,1816.38,0
4,2009-06-12,1852.43,1858.8,1833.39,1858.8,0
4,2009-06-11,1854.75,1879.92,1854.75,1862.37,0
4,2009-06-10,1872.01,1872.7,1827.61,1853.08,0
4,2009-06-09,1850.48,1869.52,1846.26,1860.13,0
4,2009-06-08,1836.87,1857.8,1818.59,1842.4,0
4,2009-06-05,1864.02,1865.95,1834.63,1849.42,0
4,2009-06-04,1829.84,1850.04,1825.62,1850.02,0
4,2009-06-03,1825.6,1828.09,1806.51,1825.92,0
4,2009-06-02,1821.22,1846.65,1815.83,1836.8,0
4,2009-06-01,1796.09,1833.18,1792.8,1828.68,0
4,2009-05-29,1756.26,1774.33,1742.99,1774.33,0
4,2009-05-28,1744.23,1754.95,1714.48,1751.79,0
4,2009-05-27,1745.56,1768.22,1728.96,1731.08,0
4,2009-05-26,1677.72,1751.47,1677.54,1750.43,0
4,2009-05-22,1702.06,1711.98,1682.24,1692.01,0
4,2009-05-21,1709.83,1719.58,1677.77,1695.25,0
4,2009-05-20,1743.6,1767.47,1722.32,1727.84,0
4,2009-05-19,1727.0,1750.05,1719.92,1734.54,0
4,2009-05-18,1696.82,1732.36,1689.55,1732.36,0
4,2009-05-15,1687.49,1703.45,1676.56,1680.14,0
4,2009-05-14,1672.48,1701.22,1667.94,1689.21,0
4,2009-05-13,1696.8,1697.76,1664.19,1664.19,0
4,2009-05-12,1742.86,1743.52,1695.87,1715.92,0
4,2009-05-11,1713.65,1747.97,1705.87,1731.24,0
4,2009-05-08,1733.5,1747.41,1711.01,1739.0,0
4,2009-05-07,1772.1,1773.13,1702.54,1716.24,0
4,2009-05-06,1768.69,1770.29,1730.97,1759.1,0
4,2009-05-05,1757.26,1759.42,1735.37,1754.12,0
4,2009-05-04,1733.71,1763.56,1729.31,1763.56,0
4,2009-05-01,1719.29,1728.1,1703.52,1719.2,0
4,2009-04-30,1732.47,1753.61,1710.07,1717.3,0
4,2009-04-29,1688.66,1726.69,1687.29,1711.94,0
4,2009-04-28,1668.26,1690.06,1661.4,1673.81,0
4,2009-04-27,1672.87,1700.53,1670.49,1679.41,0
4,2009-04-24,1666.43,1702.87,1657.49,1694.29,0
4,2009-04-23,1651.47,1654.85,1625.88,1652.21,0
4,2009-04-22,1630.14,1679.82,1624.73,1646.12,0
4,2009-04-21,1599.03,1643.85,1598.93,1643.85,0
4,2009-04-20,1641.35,1643.32,1606.86,1608.21,0
4,2009-04-17,1665.6,1682.24,1653.84,1673.07,0
4,2009-04-16,1645.52,1676.17,1628.08,1670.44,0
4,2009-04-15,1613.56,1627.72,1599.11,1626.8,0
4,2009-04-14,1637.5,1651.28,1618.04,1625.72,0
4,2009-04-13,1641.61,1660.83,1630.54,1653.31,0
4,2009-04-09,1618.83,1652.54,1616.25,1652.54,0
4,2009-04-08,1576.93,1595.97,1567.22,1590.66,0
4,2009-04-07,1585.58,1588.0,1559.46,1561.61,0
4,2009-04-06,1602.24,1607.6,1580.65,1606.71,0
4,2009-04-03,1609.05,1621.87,1593.05,1621.87,0
4,2009-04-02,1579.97,1623.34,1576.82,1602.63,0
4,2009-04-01,1504.87,1553.03,1498.54,1551.6,0
4,2009-03-31,1518.7,1554.47,1518.01,1528.59,0
4,2009-03-30,1516.79,1517.06,1484.98,1501.8,0
4,2009-03-27,1564.12,1569.21,1543.43,1545.2,0
4,2009-03-26,1549.4,1587.0,1545.21,1587.0,0
4,2009-03-25,1527.59,1554.25,1487.94,1528.95,0
4,2009-03-24,1535.68,1546.21,1515.63,1516.52,0
4,2009-03-23,1491.26,1555.77,1482.15,1555.77,0
4,2009-03-20,1488.15,1501.78,1448.78,1457.27,0
4,2009-03-19,1509.06,1509.06,1475.49,1483.48,0
4,2009-03-18,1454.44,1507.4,1448.67,1491.22,0
4,2009-03-17,1409.67,1462.11,1405.32,1462.11,0
4,2009-03-16,1445.27,1445.27,1402.48,1404.02,0
4,2009-03-13,1427.03,1433.98,1408.26,1431.5,0
4,2009-03-12,1367.78,1427.55,1355.05,1426.1,0
4,2009-03-11,1364.8,1385.29,1352.6,1371.64,0
4,2009-03-10,1288.95,1358.28,1288.95,1358.28,0
4,2009-03-09,1284.84,1316.15,1265.52,1268.64,0
4,2009-03-06,1310.59,1320.51,1268.54,1293.85,0
4,2009-03-05,1332.38,1342.86,1298.33,1299.59,0
4,2009-03-04,1340.38,1370.29,1333.88,1353.74,0
4,2009-03-03,1341.42,1346.88,1312.98,1321.01,0
4,2009-03-02,1356.13,1372.0,1322.13,1322.85,0
4,2009-02-27,1376.56,1401.97,1372.42,1377.84,0
4,2009-02-26,1436.85,1444.83,1391.47,1391.47,0
4,2009-02-25,1428.76,1453.66,1404.54,1425.43,0
4,2009-02-24,1399.37,1445.07,1395.11,1441.83,0
4,2009-02-23,1452.58,1452.58,1386.68,1387.72,0
4,2009-02-20,1427.03,1454.39,1416.96,1441.23,0
4,2009-02-19,1478.55,1485.14,1442.53,1442.82,0
4,2009-02-18,1480.65,1487.92,1454.46,1467.97,0
4,2009-02-17,1489.12,1492.82,1467.79,1470.66,0
4,2009-02-13,1539.72,1552.57,1530.05,1534.36,0
4,2009-02-12,1510.17,1542.51,1495.34,1541.71,0
4,2009-02-11,1531.58,1542.84,1509.35,1530.5,0
4,2009-02-10,1578.02,1598.5,1520.56,1524.73,0
4,2009-02-09,1590.74,1598.23,1576.1,1591.56,0
4,2009-02-06,1547.0,1594.26,1545.85,1591.71,0
4,2009-02-05,1498.59,1554.37,1495.52,1546.24,0
4,2009-02-04,1517.19,1549.64,1508.87,1515.05,0
4,2009-02-03,1499.59,1521.21,1479.42,1516.3,0
4,2009-02-02,1460.85,1502.72,1460.51,1494.43,0
4,2009-01-30,1519.46,1523.45,1472.51,1476.42,0
4,2009-01-29,1537.47,1537.84,1505.7,1507.84,0
4,2009-01-28,1530.48,1568.33,1530.03,1558.34,0
4,2009-01-27,1494.12,1513.21,1488.81,1504.9,0
4,2009-01-26,1479.98,1514.38,1470.81,1489.46,0
4,2009-01-23,1440.78,1495.27,1434.08,1477.29,0
4,2009-01-22,1470.85,1492.47,1444.08,1465.49,0
4,2009-01-21,1466.4,1507.52,1444.9,1507.07,0
4,2009-01-20,1520.76,1521.85,1440.86,1440.86,0
4,2009-01-16,1532.47,1538.82,1490.35,1529.33,0
4,2009-01-15,1489.46,1521.58,1456.72,1511.84,0
4,2009-01-14,1521.71,1528.65,1485.26,1489.64,0
4,2009-01-13,1537.42,1557.95,1527.47,1546.46,0
4,2009-01-12,1573.45,1573.46,1528.0,1538.79,0
4,2009-01-09,1617.05,1617.26,1569.87,1571.59,0
4,2009-01-08,1590.25,1617.01,1584.28,1617.01,0
4,2009-01-07,1621.63,1625.37,1588.2,1599.06,0
4,2009-01-06,1642.37,1665.63,1636.25,1652.38,0
4,2009-01-05,1621.48,1640.46,1604.63,1628.03,0
4,2009-01-02,1578.87,1636.03,1571.98,1632.21,0
4,2015-10-13,4809.24,4858.28,4793.92,4796.61,354137651
4,2015-10-12,4839.79,4846.74,4818.16,4838.64,316993876
4,2015-10-14,4801.35,4820.09,4771.62,4782.85,435242624
