2015-07-10,652000,4164000,-85000,688000,6.39
2015-07-03,737000,3476000,-34000,59000,4.72
2015-06-26,771000,3417000,-52000,89000,4.43
2015-06-19,823000,3328000,14000,-123000,4.04
2015-06-12,809000,3451000,57000,301000,4.27
2015-06-05,752000,3150000,-82000,-238000,4.19
2015-05-29,834000,3388000,81000,642000,4.06
2015-05-22,753000,2746000,29000,-55000,3.65
2015-05-15,724000,2801000,-119000,-159000,3.87
2015-05-01,843000,2960000,-564000,194000,3.51
2015-04-24,1407000,2766000,-587000,-110000,1.97
2015-04-17,1994000,2876000,1387000,-781000,1.44
2015-04-10,607000,3657000,-49000,499000,6.02
2015-04-03,656000,3158000,-364000,501000,4.81
2015-03-27,1020000,2657000,403000,-608000,2.6
2015-03-20,617000,3265000,40000,-331000,5.29
2015-03-13,577000,3596000,-38000,1205000,6.23
2015-03-06,615000,2391000,-163000,175000,3.89
2015-02-27,778000,2216000,-38000,-259000,2.85
2015-02-20,816000,2475000,-282000,86000,3.03
2015-02-13,1098000,2389000,-82000,657000,2.18
2015-02-06,1180000,1732000,-92000,109000,1.47
2015-01-30,1272000,1623000,460000,-747000,1.28
2015-01-23,812000,2370000,135000,-560000,2.92
2015-01-16,677000,2930000,-121000,319000,4.33
2015-01-09,798000,2611000,-64000,37000,3.27
2015-01-02,862000,2574000,199000,-393000,2.99
2014-12-19,663000,2967000,-204000,-21000,4.48
2014-12-12,867000,2988000,-79000,-156000,3.45
2014-12-05,946000,3144000,-20000,-539000,3.32
2014-11-28,966000,3683000,32000,-144000,3.81
2014-11-21,934000,3827000,23000,143000,4.1
2014-11-14,911000,3684000,5000,-24000,4.04
2014-11-07,906000,3708000,175000,-595000,4.09
2014-10-31,731000,4303000,-3000,-576000,5.89
2014-10-24,734000,4879000,-88000,289000,6.65
2014-10-17,822000,4590000,-210000,-34000,5.58
2014-10-10,1032000,4624000,-9000,533000,4.48
2014-10-03,1041000,4091000,-87000,808000,3.93
2014-09-26,1128000,3283000,-141000,306000,2.91
2014-09-19,1269000,2977000,42000,-399000,2.35
2014-09-12,1227000,3376000,28000,-244000,2.75
2014-09-05,1199000,3620000,-142000,-407000,3.02
2014-08-29,1341000,4027000,152000,-106000,3.0
2014-08-22,1189000,4133000,20000,183000,3.48
2014-08-15,1169000,3950000,-184000,533000,3.38
2014-08-08,1353000,3417000,-120000,893000,2.53
2014-08-01,1473000,2524000,-435000,29000,1.71
2014-07-25,1908000,2495000,127000,-353000,1.31
2014-07-18,1781000,2848000,211000,251000,1.6
2014-07-11,1570000,2597000,-111000,37000,1.65
2014-07-04,1681000,2560000,260000,-288000,1.52
2014-06-27,1421000,2848000,71000,-631000,2.0
2014-06-20,1350000,3479000,253000,-812000,2.58
2014-06-13,1097000,4291000,-166000,360000,3.91
2014-06-06,1263000,3931000,-197000,52000,3.11
2014-05-30,1460000,3879000,103000,-103000,2.66
2014-05-23,1357000,3982000,-113000,-501000,2.93
2014-05-16,1470000,4483000,-16000,-628000,3.05
2014-05-09,1486000,5111000,-215000,129000,3.44
2014-05-02,1701000,4982000,-105000,319000,2.93
2014-04-25,1806000,4663000,-75000,-524000,2.58
2014-04-18,1881000,5187000,322000,-820000,2.76
2014-04-11,1559000,6007000,-216000,-469000,3.85
2014-04-04,1775000,6476000,-15000,-2202000,3.65
2014-03-28,1790000,8678000,468000,-1015000,4.85
2014-03-21,1322000,9693000,-173000,-574000,7.33
2014-03-14,1495000,10267000,79000,-179000,6.87
2014-03-07,1416000,10446000,102000,-538000,7.38
2014-02-28,1314000,10984000,-61000,-113000,8.36
2014-02-21,1375000,11097000,98000,207000,8.07
2014-02-14,1277000,10890000,-119000,-46000,8.53
2014-02-07,1396000,10936000,417000,282000,7.83
2014-01-31,979000,10654000,129000,2233000,10.88
2014-01-24,850000,8421000,-56000,746000,9.91
2014-01-17,906000,7675000,-40000,585000,8.47
2014-01-10,946000,7090000,247000,1961000,7.49
2014-01-03,699000,5129000,-20000,-98000,7.34
2013-12-20,719000,5227000,-100000,-109000,7.27
2013-12-13,819000,5336000,-230000,-12000,6.52
2013-12-06,1049000,5348000,83000,219000,5.1
2013-11-29,966000,5129000,-91000,-189000,5.31
2013-11-22,1057000,5318000,361000,-1197000,5.03
2013-11-15,696000,6515000,-385000,-1130000,9.36
2013-11-08,1081000,7645000,338000,-762000,7.07
2013-11-01,743000,8407000,-117000,-2883000,11.31
2013-10-25,860000,11290000,-277000,1703000,13.13
2013-10-18,1137000,9587000,45000,828000,8.43
2013-10-11,1092000,8759000,-39000,-638000,8.02
2013-10-04,1131000,9397000,85000,2052000,8.31
2013-09-27,1046000,7345000,-151000,787000,7.02
2013-09-20,1197000,6558000,-44000,-427000,5.48
2013-09-13,1241000,6985000,18000,-260000,5.63
2013-09-06,1223000,7245000,272000,-535000,5.92
2013-08-30,951000,7780000,-65000,-254000,8.18
2013-08-23,1016000,8034000,-124000,-19000,7.91
2013-08-16,1140000,8053000,-216000,-477000,7.06
2013-08-09,1356000,8530000,-95000,593000,6.29
2013-08-02,1451000,7937000,-382000,954000,5.47
2013-07-26,1833000,6983000,731000,-1151000,3.81
2013-07-19,1102000,8134000,111000,570000,7.38
2013-07-12,991000,7564000,242000,268000,7.63
2013-07-05,749000,7296000,94000,143000,9.74
2013-06-28,655000,7153000,148000,-273000,10.92
2013-06-21,507000,7426000,-107000,43000,14.65
2013-06-14,614000,7383000,-75000,709000,12.02
2013-06-07,689000,6674000,7000,-361000,9.69
2013-05-31,682000,7035000,-246000,257000,10.32
2013-05-24,928000,6778000,-335000,564000,7.3
2013-05-17,1263000,6214000,114000,-482000,4.92
2013-05-10,1149000,6696000,350000,-1376000,5.83
2013-05-03,799000,8072000,-722000,-1097000,10.1
2013-04-26,1521000,9169000,938000,-1577000,6.03
2013-04-19,583000,10746000,-74000,-250000,18.43
2013-04-12,657000,10996000,-47000,-1363000,16.74
2013-04-05,704000,12359000,-564000,1041000,17.56
2013-03-29,1268000,11318000,93000,-3514000,8.93
2013-03-22,1175000,14832000,-204000,817000,12.62
2013-03-15,1379000,14015000,107000,848000,10.16
2013-03-08,1272000,13167000,103000,3012000,10.35
2013-03-01,1169000,10155000,-428000,777000,8.69
2013-02-22,1597000,9378000,-61000,-471000,5.87
2013-02-15,1658000,9849000,106000,-634000,5.94
2013-02-08,1552000,10483000,-197000,2109000,6.75
2013-02-01,1749000,8374000,207000,1108000,4.79
2013-01-25,1542000,7266000,463000,798000,4.71
2013-01-18,1079000,6468000,12000,1670000,5.99
2013-01-11,1067000,4798000,179000,928000,4.5
2013-01-04,888000,3870000,-178000,438000,4.36
2012-12-21,1066000,3432000,-5000,69000,3.22
2012-12-14,1071000,3363000,-442000,298000,3.14
2012-12-07,1513000,3065000,-358000,89000,2.03
2012-11-30,1871000,2976000,102000,-194000,1.59
2012-11-23,1769000,3170000,807000,-690000,1.79
2012-11-16,962000,3860000,-10000,-1684000,4.01
2012-11-09,972000,5544000,-272000,-129000,5.7
2012-11-02,1244000,5673000,-208000,-448000,4.56
2012-10-26,1452000,6121000,-1283000,3035000,4.22
2012-10-19,2735000,3086000,510000,-638000,1.13
2012-10-12,2225000,3724000,350000,-133000,1.67
2012-10-05,1875000,3857000,168000,-43000,2.06
2012-09-28,1707000,3900000,-194000,144000,2.28
2012-09-21,1901000,3756000,-584000,-341000,1.98
2012-09-14,2485000,4097000,976000,-584000,1.65
2012-09-07,1509000,4681000,450000,-236000,3.1
2012-08-31,1059000,4917000,-197000,-108000,4.64
2012-08-24,1256000,5025000,-193000,46000,4.0
2012-08-17,1449000,4979000,81000,41000,3.44
2012-08-10,1368000,4938000,25000,-406000,3.61
2012-08-03,1343000,5344000,-126000,249000,3.98
2012-07-27,1469000,5095000,58000,-248000,3.47
2012-07-20,1411000,5343000,-130000,-241000,3.79
2012-07-13,1541000,5584000,512000,316000,3.62
2012-07-06,1029000,5268000,-16000,-19000,5.12
2012-06-29,1045000,5287000,-167000,1037000,5.06
2012-06-22,1212000,4250000,17000,177000,3.51
2012-06-15,1195000,4073000,183000,86000,3.41
2012-06-08,1012000,3987000,-156000,412000,3.94
2012-06-01,1168000,3575000,445000,-147000,3.06
2012-05-25,723000,3722000,80000,189000,5.15
2012-05-18,643000,3533000,-108000,-147000,5.49
2012-05-11,751000,3680000,21000,518000,4.9
2012-04-27,730000,3162000,84000,-130000,4.33
2012-04-20,646000,3292000,-120000,299000,5.1
2012-04-13,766000,2993000,8000,199000,3.91
2012-04-06,758000,2794000,72000,309000,3.69
2012-03-30,686000,2485000,-54000,228000,3.62
2012-03-23,740000,2257000,-154000,439000,3.05
2012-03-16,894000,1818000,-8000,-189000,2.03
2012-03-09,902000,2007000,156000,-461000,2.23
2012-03-02,746000,2468000,-70000,-97000,3.31
2012-02-24,816000,2565000,117000,-183000,3.14
2012-02-17,699000,2748000,93000,-1242000,3.93
2012-02-10,606000,3990000,-39000,-527000,6.58
2012-02-03,645000,4517000,-564000,2044000,7.0
2012-01-27,1209000,2473000,-305000,456000,2.05
2012-01-20,1514000,2017000,246000,-828000,1.33
2012-01-13,1268000,2845000,43000,-201000,2.24
2012-01-06,1225000,3046000,52000,-52000,2.49
2011-12-30,1173000,3098000,125000,-293000,2.64
2011-12-22,1048000,3391000,-261000,-12000,3.24
2011-12-16,1309000,3403000,-41000,-88000,2.6
2011-12-09,1350000,3491000,-239000,313000,2.59
2011-12-02,1589000,3178000,280000,-289000,2.0
2011-11-25,1309000,3467000,-94000,-87000,2.65
2011-11-18,1403000,3554000,573000,-642000,2.53
2011-11-11,830000,4196000,126000,-349000,5.06
2011-11-04,704000,4545000,-206000,118000,6.46
2011-10-28,910000,4427000,-60000,354000,4.86
2011-10-21,970000,4073000,-293000,-36000,4.2
2011-10-14,1263000,4109000,401000,-567000,3.25
2011-10-07,862000,4676000,5000,-108000,5.42
2011-09-30,857000,4784000,151000,-255000,5.58
2011-09-22,706000,5039000,-279000,605000,7.14
2011-09-16,985000,4434000,257000,-584000,4.5
2011-09-09,728000,5018000,-14000,42000,6.89
2011-09-02,742000,4976000,34000,-41000,6.71
2011-08-26,708000,5017000,155000,-26000,7.09
2011-08-19,553000,5043000,63000,269000,9.12
2011-08-12,490000,4774000,-13000,552000,9.74
2011-08-05,503000,4222000,77000,28000,8.39
2011-07-29,426000,4194000,102000,694000,9.85
2011-07-22,324000,3500000,-27000,402000,10.8
2011-07-15,351000,3098000,-256000,504000,8.83
2011-07-08,607000,2594000,169000,-487000,4.27
2011-07-01,438000,3081000,98000,-500000,7.03
2011-06-24,340000,3581000,-125000,1498000,10.53
2011-06-17,465000,2083000,-52000,127000,4.48
2011-06-10,517000,1956000,3000,95000,3.78
2011-06-03,514000,1861000,-47000,229000,3.62
2011-05-27,561000,1632000,-59000,-128000,2.91
2011-05-20,620000,1760000,14000,-10000,2.84
2011-05-13,606000,1770000,-649000,440000,2.92
2011-04-28,1255000,1330000,265000,-289000,1.06
2011-04-22,990000,1619000,250000,-374000,1.64
2011-04-15,740000,1993000,-270000,455000,2.69
2011-04-08,1010000,1538000,208000,-145000,1.52
2011-04-01,802000,1683000,49000,-152000,2.1
2011-03-25,753000,1835000,-416000,531000,2.44
2011-03-18,1169000,1304000,-495000,-633000,1.12
2011-03-11,1664000,1937000,29000,626000,1.16
2011-03-04,1635000,1311000,-365000,198000,0.8
2011-02-25,2000000,1113000,608000,116000,0.56
2011-02-18,1392000,997000,71000,-223000,0.72
2011-02-10,1321000,1220000,-72000,-52000,0.92
2011-02-04,1393000,1272000,-41000,-643000,0.91
2011-01-28,1434000,1915000,294000,-1229000,1.34
2011-01-21,1140000,3144000,-172000,-275000,2.76
2011-01-14,1312000,3419000,32000,768000,2.61
2011-01-07,1280000,2651000,-41000,269000,2.07
2010-12-30,1321000,2382000,-302000,-38000,1.8
2010-12-24,1623000,2420000,322000,-967000,1.49
2010-12-17,1301000,3387000,-181000,1071000,2.6
2010-12-10,1482000,2316000,-208000,380000,1.56
2010-12-03,1690000,1936000,102000,517000,1.15
2010-11-26,1588000,1419000,49000,-78000,0.89
2010-11-19,1539000,1497000,19000,-453000,0.97
2010-11-12,1520000,1950000,-116000,-837000,1.28
2010-11-05,1636000,2787000,-79000,-787000,1.7
2010-10-29,1715000,3574000,-255000,78000,2.08
2010-10-22,1970000,3496000,-636000,330000,1.77
2010-10-15,2606000,3166000,-210000,-339000,1.21
2010-10-08,2816000,3505000,-750000,-72000,1.24
2010-10-01,3566000,3577000,1156000,-2324000,1.0
2010-09-24,2410000,5901000,423000,346000,2.45
2010-09-17,1987000,5555000,666000,-623000,2.8
2010-09-10,1321000,6178000,195000,-302000,4.68
2010-09-03,1126000,6480000,205000,-624000,5.75
2010-08-27,921000,7104000,13000,-486000,7.71
2010-08-20,908000,7590000,219000,594000,8.36
2010-08-13,689000,6996000,-350000,781000,10.15
2010-08-06,1039000,6215000,-361000,-160000,5.98
2010-07-30,1400000,6375000,358000,-251000,4.55
2010-07-23,1042000,6626000,461000,-360000,6.36
2010-07-16,581000,6986000,38000,-97000,12.02
2010-07-09,543000,7083000,-168000,-16000,13.04
2010-07-02,711000,7099000,3000,-779000,9.98
2010-06-25,708000,7878000,15000,1980000,11.13
2010-06-18,693000,5898000,128000,17000,8.51
2010-06-11,565000,5881000,-87000,773000,10.41
2010-06-04,652000,5108000,102000,450000,7.83
2010-05-28,550000,4658000,-68000,-276000,8.47
2010-05-21,618000,4934000,-328000,1237000,7.98
2010-05-14,946000,3697000,-747000,1022000,3.91
2010-04-30,1693000,2675000,373000,-981000,1.58
2010-04-23,1320000,3656000,-199000,218000,2.77
2010-04-16,1519000,3438000,-101000,638000,2.26
2010-04-09,1620000,2800000,-161000,254000,1.73
2010-04-02,1781000,2546000,484000,-1504000,1.43
2010-03-26,1297000,4050000,-264000,915000,3.12
2010-03-19,1561000,3135000,162000,-699000,2.01
2010-03-12,1399000,3834000,164000,-2425000,2.74
2010-03-05,1235000,6259000,-70000,-375000,5.07
2010-02-26,1305000,6634000,-112000,1702000,5.08
2010-02-19,1417000,4932000,56000,-260000,3.48
2010-02-12,1361000,5192000,-282000,-396000,3.81
2010-02-05,1643000,5588000,-569000,2501000,3.4
2010-01-29,2212000,3087000,0,706000,1.4
2010-01-22,2212000,2381000,366000,-287000,1.08
2010-01-15,1846000,2668000,-412000,624000,1.45
2010-01-08,2258000,2044000,247000,-221000,0.91
2009-12-30,2011000,2265000,-400000,475000,1.13
2009-12-25,2411000,1790000,818000,-92000,0.74
2009-12-18,1593000,1882000,-285000,316000,1.18
2009-12-11,1878000,1566000,207000,-224000,0.83
2009-12-04,1671000,1790000,423000,-1409000,1.07
2009-11-27,1248000,3199000,-114000,-159000,2.56
2009-11-20,1362000,3358000,137000,-226000,2.47
2009-11-13,1225000,3584000,1000,-403000,2.93
2009-11-06,1224000,3987000,-81000,-158000,3.26
2009-10-30,1305000,4145000,-72000,-343000,3.18
2009-10-23,1377000,4488000,36000,-414000,3.26
2009-10-16,1341000,4902000,64000,-539000,3.66
2009-10-09,1277000,5441000,382000,-1362000,4.26
2009-10-02,895000,6803000,219000,120000,7.6
2009-09-18,676000,6683000,-438000,1276000,9.89
2009-09-11,1114000,5407000,-205000,322000,4.85
2009-09-04,1319000,5085000,-64000,229000,3.86
2009-08-28,1383000,4856000,3000,694000,3.51
2009-08-21,1380000,4162000,-16000,561000,3.02
2009-08-14,1396000,3601000,-161000,72000,2.58
2009-08-07,1557000,3529000,-27000,1164000,2.27
2009-07-31,1584000,2365000,-615000,364000,1.49
2009-07-24,2199000,2001000,-129000,-89000,0.91
2009-07-17,2328000,2090000,889000,-380000,0.9
2009-07-10,1439000,2470000,-134000,417000,1.72
2009-07-03,1573000,2053000,-231000,142000,1.31
2009-06-26,1804000,1911000,-203000,209000,1.06
2009-06-19,2007000,1702000,-192000,353000,0.85
2009-06-12,2199000,1349000,-688000,-583000,0.61
2009-06-05,2887000,1932000,-167000,569000,0.67
2009-05-29,3054000,1363000,387000,-629000,0.45
2009-05-22,2667000,1992000,93000,-433000,0.75
2009-05-15,2574000,2425000,213000,125000,0.94
2009-05-01,2361000,2300000,-516000,854000,0.97
2009-04-24,2877000,1446000,-241000,-87000,0.5
2009-04-17,3118000,1533000,143000,180000,0.49
2009-04-10,2975000,1353000,89000,-77000,0.45
2009-04-03,2886000,1430000,329000,-752000,0.5
2009-03-27,2557000,2182000,379000,155000,0.85
2009-03-19,2178000,2027000,-468000,229000,0.93
2009-03-13,2646000,1798000,407000,-554000,0.68
2009-03-06,2239000,2352000,36000,23000,1.05
2009-02-27,2203000,2329000,-1051000,-147000,1.06
2009-02-20,3254000,2476000,1470000,-356000,0.76
2009-02-13,1784000,2832000,-1628000,237000,1.59
2009-02-06,3412000,2595000,98000,-428000,0.76
2009-01-30,3314000,3023000,1617000,-802000,0.91
2009-01-23,1697000,3825000,-182000,220000,2.25
2009-01-16,1879000,3605000,390000,-365000,1.92
2009-01-09,1489000,3970000,190000,-883000,2.67
2008-12-30,1299000,4853000,87000,46000,3.74
2008-12-19,1212000,4807000,-67000,249000,3.97
2008-12-12,1279000,4558000,487000,-389000,3.56
2008-12-05,792000,4947000,-120000,285000,6.25
2008-11-28,912000,4662000,425000,-336000,5.11
2008-11-21,487000,4998000,49000,22000,10.26
2008-11-14,438000,4976000,-178000,470000,11.36
2008-11-07,616000,4506000,107000,727000,7.31
2008-10-31,509000,3779000,258000,139000,7.42
2008-10-24,251000,3640000,-55000,461000,14.5
2008-10-17,306000,3179000,-19000,268000,10.39
2008-10-10,325000,2911000,-193000,-935000,8.96
2008-10-03,518000,3846000,144000,-93000,7.42
2008-09-26,374000,3939000,65000,978000,10.53
2008-09-19,309000,2961000,-103000,51000,9.58
2008-09-12,412000,2910000,-95000,101000,7.06
2008-09-05,507000,2809000,273000,105000,5.54
2008-08-29,234000,2704000,32000,48000,11.56
2008-08-22,202000,2656000,-97000,55000,13.15
2008-08-15,299000,2601000,41000,-52000,8.7
2008-08-08,258000,2653000,26000,-202000,10.28
2008-08-01,232000,2855000,-14000,163000,12.31
2008-07-25,246000,2692000,-54000,181000,10.94
2008-07-18,300000,2511000,98000,70000,8.37
2008-07-11,202000,2441000,-152000,392000,12.08
2008-07-04,354000,2049000,-153000,476000,5.79
2008-06-27,507000,1573000,86000,129000,3.1
2008-06-20,421000,1444000,-519000,718000,3.43
2008-06-13,940000,726000,-97000,190000,0.77
2008-06-06,1037000,536000,-82000,245000,0.52
2008-05-30,1119000,291000,277000,-198000,0.26
2008-05-23,842000,489000,-132000,-1000,0.58
2008-05-16,974000,490000,2000,-86000,0.5
2008-05-09,972000,576000,23000,-61000,0.59
2008-05-02,949000,637000,549000,-207000,0.67
2008-04-25,400000,844000,-92000,193000,2.11
2008-04-18,492000,651000,36000,-93000,1.32
2008-04-11,456000,744000,52000,37000,1.63
2008-04-04,404000,707000,-235000,-144000,1.75
2008-03-28,639000,851000,289000,-59000,1.33
2008-03-21,350000,910000,52000,-52000,2.6
2008-03-14,298000,962000,-112000,27000,3.23
2008-03-07,410000,935000,86000,21000,2.28
2008-02-29,324000,914000,-210000,60000,2.82
2008-02-22,534000,854000,-2140000,52000,1.6
2008-02-15,2674000,802000,-2055000,8000,0.3
2008-02-08,4729000,794000,3254000,146000,0.17
2008-02-01,1475000,648000,568000,-7000,0.44
2008-01-25,907000,655000,32000,-37000,0.72
2008-01-18,875000,692000,-51000,-69000,0.79
2008-01-11,926000,761000,48000,93000,0.82
2008-01-04,878000,668000,9000,-93000,0.76
2007-12-21,869000,761000,37000,-22000,0.88
2007-12-14,832000,783000,-245000,168000,0.94
2007-12-07,1077000,615000,36000,-78000,0.57
2007-11-30,1041000,693000,128000,-106000,0.67
2007-11-22,913000,799000,24000,-52000,0.88
2007-11-16,889000,851000,-97000,18000,0.96
2007-11-09,986000,833000,-45000,-30000,0.84
2007-11-02,1031000,863000,-114000,19000,0.84
2007-10-26,1145000,844000,-33000,101000,0.74
2007-10-19,1178000,743000,32000,7000,0.63
2007-10-12,1146000,736000,-60000,-129000,0.64
2007-10-05,1206000,865000,167000,-197000,0.72
2007-09-28,1039000,1062000,345000,-20000,1.02
2007-09-21,694000,1082000,-33000,-37000,1.56
2007-09-14,727000,1119000,-48000,-11000,1.54
2007-09-07,775000,1130000,10000,-18000,1.46
2007-08-31,765000,1148000,102000,135000,1.5
2007-08-24,663000,1013000,-6000,103000,1.53
2007-08-17,669000,910000,-96000,158000,1.36
2007-08-10,765000,752000,105000,-458000,0.98
2007-08-03,660000,1210000,-75000,183000,1.83
2007-07-27,735000,1027000,-181000,594000,1.4
2007-07-20,916000,433000,71000,-41000,0.47
2007-07-13,845000,474000,51000,-124000,0.56
2007-07-06,794000,598000,-397000,29000,0.75
2007-06-29,1191000,569000,61000,-241000,0.48
2007-06-22,1130000,810000,4000,-179000,0.72
2007-06-15,1126000,989000,61000,-134000,0.88
2007-06-08,1065000,1123000,80000,46000,1.05
2007-06-01,985000,1077000,82000,75000,1.09
2007-05-25,903000,1002000,161000,-370000,1.11
2007-05-18,742000,1372000,-2000,36000,1.85
2007-05-11,744000,1336000,5000,635000,1.8
2007-04-27,739000,701000,182000,28000,0.95
2007-04-20,557000,673000,25000,41000,1.21
2007-04-13,532000,632000,99000,-1000,1.19
2007-04-06,433000,633000,95000,123000,1.46
2007-03-30,338000,510000,179000,-196000,1.51
2007-03-23,159000,706000,-1102000,-351000,4.44
2007-03-16,1261000,1057000,32000,-37000,0.84
2007-03-09,1229000,1094000,-238000,129000,0.89
2007-03-02,1467000,965000,-20000,2000,0.66
2007-02-23,1487000,963000,38000,194000,0.65
2007-02-16,1449000,769000,88000,-66000,0.53
2007-02-09,1361000,835000,-64000,132000,0.61
2007-02-02,1425000,703000,-207000,50000,0.49
2007-01-26,1632000,653000,343000,-717000,0.4
2007-01-19,1289000,1370000,-52000,-229000,1.06
2007-01-12,1341000,1599000,96000,-660000,1.19
2006-12-29,1245000,2259000,-7000,-128000,1.81
2006-12-22,1252000,2387000,-32000,156000,1.91
2006-12-15,1284000,2231000,-51000,50000,1.74
2006-12-08,1335000,2181000,-93000,244000,1.63
2006-12-01,1428000,1937000,-22000,112000,1.36
2006-11-24,1450000,1825000,113000,-78000,1.26
2006-11-17,1337000,1903000,-97000,-296000,1.42
2006-11-10,1434000,2199000,-12000,97000,1.53
2006-11-02,1446000,2102000,-89000,231000,1.45
2006-10-27,1535000,1871000,80000,214000,1.22
2006-10-20,1455000,1657000,-36000,501000,1.14
2006-10-13,1491000,1156000,186000,146000,0.78
2006-10-06,1305000,1010000,-11000,10000,0.77
2006-09-29,1316000,1000000,-129000,12000,0.76
2006-09-22,1445000,988000,66000,4000,0.68
2006-09-15,1379000,984000,-97000,120000,0.71
2006-09-08,1476000,864000,-90000,113000,0.59
2006-09-01,1566000,751000,59000,-116000,0.48
2006-08-25,1507000,867000,-721000,102000,0.58
2006-08-18,2228000,765000,557000,-363000,0.34
2006-08-11,1671000,1128000,-140000,-75000,0.68
2006-08-04,1811000,1203000,59000,-280000,0.66
2006-07-28,1752000,1483000,-39000,-111000,0.85
2006-07-21,1791000,1594000,-4000,-134000,0.89
2006-07-14,1795000,1728000,169000,-83000,0.96
2006-07-07,1626000,1811000,-30000,11000,1.11
2006-06-30,1656000,1800000,60000,-90000,1.09
2006-06-23,1596000,1890000,-30000,-14000,1.18
2006-06-16,1626000,1904000,39000,-30000,1.17
2006-06-09,1587000,1934000,49000,-220000,1.22
2006-06-02,1538000,2154000,-60000,-17000,1.4
2006-05-26,1598000,2171000,71000,-60000,1.36
2006-05-19,1527000,2231000,352000,-79000,1.46
2006-05-12,1175000,2310000,-196000,134000,1.97
2006-04-28,1371000,2176000,-16000,255000,1.59
2006-04-21,1387000,1921000,98000,45000,1.39
2006-04-14,1289000,1876000,27000,503000,1.46
2006-04-07,1262000,1373000,-41000,-141000,1.09
2006-03-31,1303000,1514000,42000,-345000,1.16
2006-03-24,1261000,1859000,-12000,150000,1.47
2006-03-17,1273000,1709000,-64000,24000,1.34
2006-03-10,1337000,1685000,-63000,-29000,1.26
2006-03-03,1400000,1714000,-52000,-146000,1.22
2006-02-24,1452000,1860000,238000,-255000,1.28
2006-02-17,1214000,2115000,-1000,166000,1.74
2006-02-10,1215000,1949000,-63000,223000,1.6
2006-02-03,1278000,1726000,-45000,607000,1.35
2006-01-27,1323000,1119000,-329000,400000,0.85
2006-01-20,1652000,719000,-234000,-41000,0.44
2006-01-13,1886000,760000,-93000,273000,0.4
2006-01-06,1979000,487000,68000,-537000,0.25
2005-12-30,1911000,1024000,-59000,-23000,0.54
2005-12-23,1970000,1047000,34000,-131000,0.53
2005-12-16,1936000,1178000,-82000,40000,0.61
2005-12-09,2018000,1138000,-44000,-38000,0.56
2005-12-02,2062000,1176000,-50000,330000,0.57
2005-11-25,2112000,846000,-51000,207000,0.4
2005-11-18,2163000,639000,-5000,195000,0.3
2005-11-11,2168000,444000,-223000,-115000,0.2
2005-11-04,2391000,559000,323000,237000,0.23
2005-10-28,2068000,322000,-2000,-149000,0.16
2005-10-21,2070000,471000,212000,-537000,0.23
2005-10-14,1858000,1008000,26000,174000,0.54
2005-10-07,1832000,834000,85000,19000,0.46
2005-09-30,1747000,815000,-24000,-505000,0.47
2005-09-23,1771000,1320000,-392000,660000,0.75
2005-09-16,2163000,660000,-186000,418000,0.31
2005-09-09,2349000,242000,77000,31000,0.1
2005-09-02,2272000,211000,74000,34000,0.09
2005-08-26,2198000,177000,19000,3000,0.08
2005-08-19,2179000,174000,-307000,-47000,0.08
2005-08-12,2486000,221000,23000,-12000,0.09
2005-08-05,2463000,233000,285000,-401000,0.09
2005-07-29,2178000,634000,-60000,-30000,0.29
2005-07-22,2238000,664000,-88000,-45000,0.3
2005-07-15,2326000,709000,3000,-39000,0.3
2005-07-08,2323000,748000,118000,165000,0.32
2005-07-01,2205000,583000,-236000,123000,0.26
2005-06-24,2441000,460000,44000,-40000,0.19
2005-06-17,2397000,500000,-11000,-26000,0.21
2005-06-10,2408000,526000,291000,13000,0.22
2005-06-03,2117000,513000,191000,-212000,0.24
2005-05-27,1926000,725000,24000,29000,0.38
2005-05-20,1902000,696000,252000,-21000,0.37
2005-05-13,1650000,717000,-286000,373000,0.43
2005-05-06,1936000,344000,-271000,20000,0.18
2005-04-22,2207000,324000,256000,33000,0.15
2005-04-15,1951000,291000,-131000,12000,0.15
2005-04-08,2082000,279000,479000,28000,0.13
2005-04-01,1603000,251000,155000,-61000,0.16
2005-03-25,1448000,312000,296000,30000,0.22
2005-03-18,1152000,282000,-189000,39000,0.24
2005-03-11,1341000,243000,-293000,47000,0.18
2005-03-04,1634000,196000,-25000,31000,0.12
2005-02-25,1659000,165000,540000,-120000,0.1
2005-02-18,1119000,285000,92000,64000,0.25
2005-02-11,1027000,221000,-19000,28000,0.22
2005-02-04,1046000,193000,70000,18000,0.18
2005-01-28,976000,175000,242000,-12000,0.18
2005-01-21,734000,187000,122000,-575000,0.25
2005-01-14,612000,762000,4000,472000,1.25
2005-01-07,608000,290000,-257000,-45000,0.48
2004-12-31,865000,335000,-831000,5000,0.39
2004-12-24,1696000,330000,-2369000,240000,0.19
2004-12-17,4065000,90000,2313000,-20000,0.02
2004-12-10,1752000,110000,922000,28000,0.06
2004-12-03,830000,82000,113000,23000,0.1
2004-11-26,717000,59000,10000,-7000,0.08
2004-11-19,707000,66000,-95000,-11000,0.09
2004-11-12,802000,77000,109000,-65000,0.1
2004-11-05,693000,142000,-14000,4000,0.2
2004-10-29,707000,138000,73000,14000,0.2
2004-10-22,634000,124000,167000,5000,0.2
2004-10-15,467000,119000,-176000,10000,0.25
2004-10-08,643000,109000,164000,-115000,0.17
2004-10-01,479000,224000,-9000,-38000,0.47
2004-09-24,488000,262000,-14000,-2000,0.54
2004-09-17,502000,264000,-88000,-63000,0.53
2004-09-10,590000,327000,-132000,9000,0.55
2004-09-03,722000,318000,64000,-3000,0.44
2004-08-27,658000,321000,113000,-68000,0.49
2004-08-20,545000,389000,-150000,-93000,0.71
2004-08-13,695000,482000,125000,-73000,0.69
2004-08-06,570000,555000,380000,-75000,0.97
2004-07-30,190000,630000,12000,2000,3.32
2004-07-23,178000,628000,-14000,85000,3.53
2004-07-16,192000,543000,-27000,-20000,2.83
2004-07-09,219000,563000,-108000,163000,2.57
2004-07-02,327000,400000,-29000,-4000,1.22
2004-06-25,356000,404000,-23000,-30000,1.13
2004-06-18,379000,434000,-17000,28000,1.15
2004-06-11,396000,406000,37000,4000,1.03
2004-06-04,359000,402000,-13000,71000,1.12
2004-05-28,372000,331000,-2000,-13000,0.89
2004-05-21,374000,344000,-76000,17000,0.92
2004-05-14,450000,327000,-56000,-15000,0.73
2004-05-07,506000,342000,-28000,-2000,0.68
2004-04-30,534000,344000,22000,28000,0.64
2004-04-23,512000,316000,-14000,-25000,0.62
2004-04-16,526000,341000,-85000,-15000,0.65
2004-04-09,611000,356000,13000,227000,0.58
2004-04-02,598000,129000,194000,-173000,0.22
2004-03-26,404000,302000,29000,-122000,0.75
2004-03-19,375000,424000,-51000,101000,1.13
2004-03-12,426000,323000,-82000,78000,0.76
2004-03-05,508000,245000,7000,17000,0.48
2004-02-27,501000,228000,-70000,-1000,0.46
2004-02-20,571000,229000,66000,-111000,0.4
2004-02-13,505000,340000,-25000,8000,0.67
2004-02-06,530000,332000,21000,-65000,0.63
2004-01-30,509000,397000,-64000,20000,0.78
2004-01-23,573000,377000,-184000,138000,0.66
2004-01-16,757000,239000,217000,-48000,0.32
2004-01-09,540000,287000,10000,-52000,0.53
2004-01-02,530000,339000,-46000,-16000,0.64
2003-12-19,576000,355000,54000,-31000,0.62
2003-12-12,522000,386000,-46000,3000,0.74
2003-12-05,568000,383000,-11000,-4000,0.67
2003-11-28,579000,387000,26000,8000,0.67
2003-11-21,553000,379000,-24000,-58000,0.69
2003-11-14,577000,437000,1000,-31000,0.76
2003-11-07,576000,468000,47000,105000,0.81
2003-10-31,529000,363000,182000,-194000,0.69
2003-10-24,347000,557000,-122000,65000,1.61
2003-10-17,469000,492000,70000,-145000,1.05
2003-10-10,399000,637000,0,-48000,1.6
2003-10-03,399000,685000,-237000,-129000,1.72
2003-09-26,636000,814000,-196000,-94000,1.28
2003-09-19,832000,908000,324000,-138000,1.09
2003-09-12,508000,1046000,228000,22000,2.06
2003-09-05,280000,1024000,114000,-327000,3.66
2003-08-29,166000,1351000,63000,-62000,8.14
2003-08-22,103000,1413000,2000,2000,13.72
2003-08-15,101000,1411000,-55000,171000,13.97
2003-08-08,156000,1240000,50000,220000,7.95
2003-08-01,106000,1020000,-80000,-81000,9.62
2003-07-25,186000,1101000,65000,-525000,5.92
2003-07-18,121000,1626000,-14000,-158000,13.44
2003-07-11,135000,1784000,-16000,651000,13.21
2003-07-04,151000,1133000,67000,383000,7.5
2003-06-27,84000,750000,-174000,139000,8.93
2003-06-20,258000,611000,-85000,220000,2.37
2003-06-13,343000,391000,-30000,71000,1.14
2003-06-06,373000,320000,127000,-32000,0.86
2003-05-30,246000,352000,61000,-3000,1.43
2003-05-23,185000,355000,65000,36000,1.92
2003-05-16,120000,319000,-30000,11000,2.66
2003-05-09,150000,308000,5000,-45000,2.05
2003-05-02,145000,353000,-186000,30000,2.43
2003-04-25,331000,323000,195000,36000,0.98
2003-04-18,136000,287000,45000,6000,2.11
2003-04-11,91000,281000,-2000,17000,3.09
2003-04-04,93000,264000,12000,19000,2.84
2003-03-28,81000,245000,-49000,-4000,3.02
2003-03-21,130000,249000,-6000,-46000,1.92
2003-03-14,136000,295000,-131000,52000,2.17
2003-03-07,267000,243000,-53000,-70000,0.91
2003-02-28,320000,313000,16000,-92000,0.98
2003-02-21,304000,405000,96000,-114000,1.33
2003-02-14,208000,519000,43000,-17000,2.5
2003-02-07,165000,536000,26000,-49000,3.25
2003-01-31,139000,585000,-8000,48000,4.21
2003-01-24,147000,537000,-25000,42000,3.65
2003-01-17,172000,495000,8000,21000,2.88
2003-01-10,164000,474000,3000,-13000,2.89
2002-12-27,161000,487000,-165000,-1000,3.02
2002-12-20,326000,488000,-51000,45000,1.5
2002-12-13,377000,443000,-8000,-101000,1.18
2002-12-06,385000,544000,50000,125000,1.41
2002-11-29,335000,419000,23000,-67000,1.25
2002-11-22,312000,486000,-38000,-10000,1.56
2002-11-15,350000,496000,122000,83000,1.42
2002-11-08,228000,413000,-153000,-15000,1.81
2002-11-01,381000,428000,142000,-93000,1.12
2002-10-25,239000,521000,25000,-64000,2.18
2002-10-18,214000,585000,-17000,-66000,2.73
2002-10-11,231000,651000,-92000,-23000,2.82
2002-10-04,323000,674000,-93000,33000,2.09
2002-09-27,416000,641000,5000,-64000,1.54
2002-09-20,411000,705000,-189000,-57000,1.72
2002-09-13,600000,762000,78000,-54000,1.27
2002-09-06,522000,816000,117000,-92000,1.56
2002-08-30,405000,908000,-43000,-27000,2.24
2002-08-23,448000,935000,17000,-54000,2.09
2002-08-16,431000,989000,-76000,2000,2.29
2002-08-09,507000,987000,85000,-91000,1.95
2002-08-02,422000,1078000,70000,-50000,2.55
2002-07-26,352000,1128000,-6000,-59000,3.2
2002-07-19,358000,1187000,65000,-48000,3.32
2002-07-12,293000,1235000,73000,8000,4.22
2002-07-05,220000,1227000,-50000,-5000,5.58
2002-06-28,270000,1232000,90000,-39000,4.56
2002-06-21,180000,1271000,-18000,94000,7.06
2002-06-14,198000,1177000,-64000,42000,5.94
2002-06-07,262000,1135000,-66000,26000,4.33
2002-05-31,328000,1109000,-71000,57000,3.38
2002-05-24,399000,1052000,2000,134000,2.64
2002-05-17,397000,918000,-1000,128000,2.31
2002-05-10,398000,790000,-7000,-5000,1.98
2002-05-03,405000,795000,-76000,-2000,1.96
2002-04-26,481000,797000,32000,-213000,1.66
2002-04-19,449000,1010000,-3000,11000,2.25
2002-04-12,452000,999000,45000,120000,2.21
2002-04-05,407000,879000,-5000,56000,2.16
2002-03-29,412000,823000,-291000,-5000,2.0
2002-03-22,703000,828000,-472000,204000,1.18
2002-03-15,1175000,624000,240000,-88000,0.53
2002-03-08,935000,712000,331000,-250000,0.76
2002-03-01,604000,962000,563000,-145000,1.59
2002-02-22,41000,1107000,-13000,27000,27.0
2002-02-15,54000,1080000,-37000,-5000,20.0
2002-02-08,91000,1085000,-15000,77000,11.92
2002-02-01,106000,1008000,-7000,44000,9.51
2002-01-25,113000,964000,-104000,-12000,8.53
2002-01-18,217000,976000,-111000,26000,4.5
2002-01-11,328000,950000,188000,42000,2.9
2002-01-04,140000,908000,-20000,-20000,6.49
2001-12-21,160000,928000,-48000,5000,5.8
2001-12-14,208000,923000,-41000,157000,4.44
2001-12-07,249000,766000,-6000,55000,3.08
2001-11-30,255000,711000,-29000,65000,2.79
2001-11-23,284000,646000,13000,49000,2.27
2001-11-16,271000,597000,-90000,20000,2.2
2001-11-09,361000,577000,56000,-177000,1.6
2001-11-02,305000,754000,23000,-127000,2.47
2001-10-26,282000,881000,72000,-24000,3.12
2001-10-19,210000,905000,-4000,-17000,4.31
2001-10-12,214000,922000,21000,-47000,4.31
2001-10-05,193000,969000,-398000,-91000,5.02
2001-09-28,591000,1060000,28000,-92000,1.79
2001-09-21,563000,1152000,49000,-29000,2.05
2001-09-14,514000,1181000,4000,-84000,2.3
2001-09-07,510000,1265000,181000,-41000,2.48
2001-08-31,329000,1306000,-124000,-99000,3.97
2001-08-24,453000,1405000,50000,-39000,3.1
2001-08-17,403000,1444000,60000,-20000,3.58
2001-08-10,343000,1464000,-171000,24000,4.27
2001-08-03,514000,1440000,-18000,-30000,2.8
2001-07-27,532000,1470000,-40000,-74000,2.76
2001-07-20,572000,1544000,-144000,-86000,2.7
2001-07-13,716000,1630000,-88000,-66000,2.28
2001-07-06,804000,1696000,89000,-51000,2.11
2001-06-29,715000,1747000,78000,-59000,2.44
2001-06-22,637000,1806000,-288000,-81000,2.84
2001-06-15,925000,1887000,246000,-294000,2.04
2001-06-08,679000,2181000,-229000,-116000,3.21
2001-06-01,908000,2297000,231000,33000,2.53
2001-05-25,677000,2264000,-44000,57000,3.34
2001-05-18,721000,2207000,62000,-192000,3.06
2001-05-11,659000,2399000,66000,500000,3.64
2001-05-04,593000,1899000,40000,61000,3.2
2001-04-27,553000,1838000,26000,-31000,3.32
2001-04-20,527000,1869000,-36000,64000,3.55
2001-04-13,563000,1805000,33000,235000,3.21
2001-04-06,530000,1570000,57000,39000,2.96
2001-03-30,473000,1531000,-33000,-41000,3.24
2001-03-23,506000,1572000,9000,18000,3.11
2001-03-16,497000,1554000,61000,-45000,3.13
2001-03-09,436000,1599000,97000,-55000,3.67
2001-03-02,339000,1654000,27000,-36000,4.88
2001-02-23,312000,1690000,-108000,-23000,5.42
2001-02-16,420000,1713000,-68000,-36000,4.08
2001-02-09,488000,1749000,-116000,68000,3.58
2001-02-02,604000,1681000,52000,-108000,2.78
2001-01-26,552000,1789000,72000,-74000,3.24
2001-01-19,480000,1863000,-32000,262000,3.88
2001-01-12,512000,1601000,-75000,-107000,3.13
2001-01-05,587000,1708000,-138000,-59000,2.91
2000-12-22,725000,1767000,-258000,-43000,2.44
2000-12-15,983000,1810000,233000,665000,1.84
2000-12-08,750000,1145000,-101000,94000,1.53
2000-12-01,851000,1051000,67000,35000,1.24
2000-11-24,784000,1016000,-357000,252000,1.3
2000-11-17,1141000,764000,-307000,142000,0.67
2000-11-10,1448000,622000,330000,2000,0.43
2000-11-03,1118000,620000,140000,-360000,0.55
2000-10-27,978000,980000,-20000,55000,1.0
2000-10-20,998000,925000,27000,-87000,0.93
2000-10-13,971000,1012000,-80000,9000,1.04
2000-10-06,1051000,1003000,-52000,103000,0.95
2000-09-29,1103000,900000,79000,-177000,0.82
2000-09-22,1024000,1077000,-6000,-22000,1.05
2000-09-15,1030000,1099000,52000,-109000,1.07
2000-09-08,978000,1208000,-39000,-5000,1.24
2000-09-01,1017000,1213000,194000,250000,1.19
2000-08-25,823000,963000,-172000,76000,1.17
2000-08-18,995000,887000,-41000,52000,0.89
2000-08-11,1036000,835000,-84000,13000,0.81
2000-08-04,1120000,822000,14000,-124000,0.73
2000-07-28,1106000,946000,207000,-147000,0.86
2000-07-21,899000,1093000,-164000,-3000,1.22
2000-07-14,1063000,1096000,118000,36000,1.03
2000-07-07,945000,1060000,22000,87000,1.12
2000-06-30,923000,973000,0,-1000,1.05
2000-06-23,923000,974000,139000,-172000,1.06
2000-06-16,784000,1146000,-283000,-85000,1.46
2000-06-09,1067000,1231000,294000,31000,1.15
2000-06-02,773000,1200000,84000,556000,1.55
2000-05-26,689000,644000,151000,-337000,0.93
2000-05-19,538000,981000,83000,-54000,1.82
2000-05-12,455000,1035000,-80000,159000,2.27
2000-05-05,535000,876000,-302000,120000,1.64
2000-04-21,837000,756000,93000,-387000,0.9
2000-04-14,744000,1143000,69000,23000,1.54
2000-04-07,675000,1120000,381000,-646000,1.66
2000-03-31,294000,1766000,70000,-214000,6.01
2000-03-24,224000,1980000,-13000,53000,8.84
2000-03-17,237000,1927000,120000,-107000,8.13
2000-03-10,117000,2034000,59000,-309000,17.38
2000-03-03,58000,2343000,-17000,-452000,40.4
2000-02-25,75000,2795000,36000,-218000,37.27
2000-02-18,39000,3013000,-110000,-80000,77.26
2000-02-11,149000,3093000,8000,249000,20.76
2000-02-04,141000,2844000,74000,657000,20.17
2000-01-28,67000,2187000,-18000,65000,32.64
2000-01-21,85000,2122000,-22000,-184000,24.96
2000-01-14,107000,2306000,61000,29000,21.55
2000-01-07,46000,2277000,1000,-146000,49.5
1999-12-31,45000,2423000,-15000,-42000,53.84
1999-12-24,60000,2465000,12000,-46000,41.08
1999-12-17,48000,2511000,-16000,-143000,52.31
1999-12-10,64000,2654000,-48000,-173000,41.47
1999-12-03,112000,2827000,64000,-37000,25.24
1999-11-26,48000,2864000,9000,150000,59.67
1999-11-19,39000,2714000,-21000,-35000,69.59
1999-11-12,60000,2749000,-38000,-38000,45.82
1999-11-05,98000,2787000,52000,31000,28.44
1999-10-29,46000,2756000,28000,-5000,59.91
1999-10-22,18000,2761000,-46000,28000,153.39
1999-10-15,64000,2733000,19000,-23000,42.7
1999-10-08,45000,2756000,-105000,8000,61.24
1999-10-01,150000,2748000,70000,65000,18.32
1999-09-24,80000,2683000,-13000,2000,33.54
1999-09-17,93000,2681000,59000,-26000,28.83
1999-09-10,34000,2707000,-21000,16000,79.62
1999-09-03,55000,2691000,-6000,66000,48.93
1999-08-27,61000,2625000,-127000,92000,43.03
1999-08-20,188000,2533000,122000,301000,13.47
1999-08-13,66000,2232000,3000,0,33.82
1999-08-06,63000,2232000,-15000,53000,35.43
1999-07-30,78000,2179000,-15000,48000,27.94
1999-07-23,93000,2131000,-3000,-6000,22.91
1999-07-16,96000,2137000,-71000,88000,22.26
1999-07-09,167000,2049000,74000,625000,12.27
1999-07-02,93000,1424000,-8000,164000,15.31
1999-06-25,101000,1260000,58000,157000,12.48
1999-06-18,43000,1103000,-11000,116000,25.65
1999-06-11,54000,987000,-78000,54000,18.28
1999-06-04,132000,933000,47000,-37000,7.07
1999-05-28,85000,970000,-43000,7000,11.41
1999-05-21,128000,963000,52000,-4000,7.52
1999-05-14,76000,967000,-13000,107000,12.72
1999-05-07,89000,860000,-34000,55000,9.66
1999-04-23,123000,805000,31000,-249000,6.54
1999-04-16,92000,1054000,10000,407000,11.46
1999-04-09,82000,647000,-87000,268000,7.89
1999-04-02,169000,379000,18000,62000,2.24
1999-03-26,151000,317000,46000,-10000,2.1
1999-03-19,105000,327000,-15000,19000,3.11
1999-03-12,120000,308000,-4000,-32000,2.57
1999-03-05,124000,340000,0,0,2.74
